0.10675276
-0.1122655
0.11066067
0.19682164
0.2110019
0.15861149
0.16261184
0.10673912
0.16496743
0.12525919
0.20480914
0.20114587
0.15107232
-0.10364308
-0.16207124
-0.10820724
0.12428385
0.14022797
0.17321557
0.11411852
0.1444806
0.10838293
0.11903868
0.19227639
0.12191173
0.14402625
0.11228716
0.18805198
0.11719056
-0.12111412
-0.10830788
0.11919565
0.1303377
0.15430583
0.17192326
-0.17113104
-0.10971284
0.11724667
0.1738863
0.20736244
0.12449916
0.10517985
-0.12475527
0.1221007
0.11847088
0.17033729
0.19113471
0.14925653
-0.13861413
-0.14320396
-0.11726912
0.15031475
-0.13077378
-0.13983098
-0.1254297
-0.10843606
-0.11205423
-0.10913824
-0.14033622
-0.15992287
-0.16469367
-0.1928
-0.20220725
-0.15470557
-0.11746784
-0.16795328
-0.20826241
-0.16344638
-0.13366438
-0.15552497
-0.15243788
-0.14743797
-0.13719516
-0.13969363
-0.10965833
-0.1130336
-0.13434389
0.1785886
-0.13570236
-0.16767398
-0.12040018
-0.11743736
0.16323267
0.10780394
-0.10448171
-0.18931928
-0.17162205
0.11677439
0.15333396
-0.1138066
0.11243245
0.11649035
0.19940528
0.1079153
0.16184707
0.10824917
0.11054412
0.12871581
-0.10782205
0.20775977
0.10624809
0.11154225
0.12200059
0.12973757
0.10955153
0.19931668
0.35499761
0.11500517
0.11817715
0.22350016
0.23625693
0.12078115
0.15315004
0.22100267
0.14828356
0.10848819
0.18944743
0.22726536
0.17754592
0.17256187
0.1335844
0.29758805
0.29151136
0.12223316
-0.10429951
0.16147767
0.1612189
-0.10443641
0.15600218
0.11197487
0.14057201
0.13426706
0.12675293
0.15680648
0.13892081
0.15454429
0.14540155
0.10774062
0.11821253
0.14027032
0.23766361
-0.11169293
0.21870352
0.22197789
0.17736125
0.28839439
0.33091989
0.20880276
0.21074973
0.26300508
0.19838963
0.17659412
0.1416796
0.1463306
0.17809947
0.16873255
0.13255745
0.12054996
0.13230111
-0.1045402
0.19501783
0.21175125
0.18764573
0.21205828
-0.21591225
-0.27923381
-0.20642711
-0.22498193
-0.19707528
-0.17163354
0.1231304
0.1116047
0.21707569
-0.14954875
-0.17627941
-0.13879235
-0.18890482
-0.27659678
-0.24157061
-0.12630589
-0.13911238
-0.15695359
0.19015796
0.10636505
0.1243464
0.10801477
-0.12027965
-0.216364
-0.22771263
-0.28154111
-0.29336703
-0.18996941
-0.15671028
-0.15640844
0.1479466
0.14191563
-0.10708796
-0.16568485
-0.29900584
-0.31731823
-0.20720229
-0.12540647
-0.15486965
0.1232057
-0.16355433
-0.22719297
-0.15336074
-0.12634133
-0.22222245
-0.26055971
-0.20780025
-0.17127545
-0.11391341
-0.20774393
-0.11064743
-0.11483346
-0.11528107
-0.20375738
-0.31745961
-0.23055702
-0.13328584
0.15188682
0.16614
0.10848703
-0.12222863
-0.1105329
-0.16055116
-0.23604444
-0.33819559
-0.32671279
-0.1093244
0.11189313
0.10371411
0.16542526
0.2030848
-0.11810822
-0.28719872
-0.31957743
-0.31587213
-0.23195235
0.17269976
0.17462972
-0.12841593
0.13063152
0.15751737
0.21932094
-0.17118904
-0.22636162
-0.22383197
-0.15963799
0.18149112
0.17349695
0.14168979
-0.1224965
-0.14128985
-0.1229265
-0.15147282
0.17718123
0.1956051
0.20163067
-0.12804915
0.13613196
0.21256904
0.12637696
-0.13607907
-0.1109787
-0.15189867
-0.24740727
-0.23868912
-0.16591282
-0.11049915
-0.11312999
-0.1678896
0.15718721
-0.11662228
-0.13967626
-0.16910143
-0.25584191
-0.37666827
-0.35965726
-0.19856413
-0.10926681
0.11153257
0.14042246
-0.19299322
-0.36042914
-0.35904503
-0.21731694
0.10758235
-0.10965146
-0.22156636
-0.34116781
-0.33330366
-0.22089392
-0.14168778
-0.12691121
0.16942289
0.12828396
-0.1584533
-0.16399826
-0.27173221
-0.32473177
-0.23296858
0.10468482
0.11608443
-0.34184524
-0.2915107
-0.11290262
-0.11776122
-0.12589678
-0.29316714
-0.30796221
-0.24200439
-0.17477989
-0.34565821
-0.17911272
-0.28493297
-0.29824877
-0.13317975
-0.2975758
-0.23683067
0.12630431
-0.2105784
-0.28761736
-0.17278497
0.11145084
0.10742291
-0.10646232
-0.18781637
-0.14591888
-0.13356686
-0.13515379
-0.12135931
0.12802561
-0.10462131
-0.23024763
-0.11654612
0.12424884
0.11715904
-0.13261983
-0.16850311
0.13945115
0.1342808
0.12123985
-0.11603007
0.11824227
-0.10525767
-0.15362337
-0.11666238
-0.13686298
-0.1402826
-0.13458505
-0.17888513
-0.12138604
-0.18118425
-0.17541313
-0.10397032
0.23152414
0.2852743
0.14112234
0.11892091
0.12616187
0.15327188
0.31165746
0.31210065
0.14162482
0.10758453
0.10423109
0.24358292
0.23148064
0.16614236
-0.14259423
-0.12860867
-0.12161148
-0.10537822
-0.14986098
-0.14253819
-0.14286138
-0.13111755
-0.12669109
-0.1218336
-0.10826708
-0.19719294
-0.21869877
-0.15141656
-0.11077618
-0.11771288
-0.18642193
-0.25159901
-0.18983181
-0.22007528
-0.25691852
-0.1824792
-0.13021919
-0.22659464
-0.24766168
-0.18247902
-0.15359496
-0.15122709
0.10384135
-0.11572053
-0.1174416
-0.18850052
-0.25715578
-0.30033186
-0.23285639
-0.28648329
-0.23929836
-0.29172605
-0.36974579
-0.315644
-0.18067123
-0.1931586
-0.19196905
-0.1226844
-0.13274181
-0.12044174
-0.15366445
-0.2033318
-0.23750788
-0.26082951
-0.33470249
-0.30885154
-0.26123783
-0.16606908
-0.15533708
-0.15671173
-0.10664586
-0.1385463
0.15370922
-0.16274008
-0.15509914
-0.13604274
-0.13073333
-0.16314876
-0.12468075
-0.17590077
-0.1040116
0.15678722
0.10954341
0.15148784
0.11421471
-0.1257299
-0.12126593
0.17173798
0.11244625
0.15414575
0.13862984
0.13767298
0.20208183
0.16725212
0.2031659
0.1280558
0.11960879
0.11983526
0.1590317
0.17386006
0.30405241
0.25023225
0.15928477
0.11159361
0.1226111
0.11025958
0.12856874
0.10854634
0.21203899
0.14514333
0.11375895
0.16896766
0.218998
0.17239855
0.26908651
0.22092634
0.15227211
-0.12563555
0.17493695
-0.1136959
-0.21672195
0.18438706
0.14861101
0.18732375
-0.10508778
-0.11124203
-0.19778584
-0.10645503
-0.11173072
0.11465725
0.19440426
0.28652728
-0.17204268
-0.10982096
-0.13794118
0.23516281
0.14498666
0.23704289
-0.10596441
-0.13241538
0.11138776
0.12397701
0.11422931
0.17681
0.13596922
0.22686832
0.1638906
-0.13942984
0.11491704
0.13869882
0.14872722
0.19527984
-0.11109538
0.13506681
-0.14845926
0.20631661
0.12896062
-0.17397267
-0.14549494
-0.11421862
-0.12161416
-0.1046592
-0.12193289
0.11377677
-0.2460324
-0.17227907
-0.13900593
-0.13402659
-0.19541781
-0.18975028
-0.10418886
-0.11848421
-0.16943128
-0.26316956
-0.15111578
-0.11955221
-0.11237394
-0.10799597
-0.17806736
-0.1091134
-0.13267861
-0.12113979
-0.16496068
-0.16900454
-0.18857849
-0.1220621
-0.1249171
-0.12841168
0.16623263
0.12834217
-0.16161522
0.13526416
0.12855902
0.14837569
0.19966109
0.11882646
0.24134329
0.12074075
0.10544647
0.14955664
0.11373092
0.1459935
0.14682452
0.13204654
0.18629776
0.14004436
-0.10333798
-0.1312242
-0.1649823
-0.12495208
-0.16022088
-0.1949947
-0.19702624
-0.25391027
-0.22096939
-0.12981959
-0.12659805
-0.11261477
-0.10627431
-0.13258418
-0.16433243
-0.19177589
-0.25870016
-0.24319974
-0.2531305
-0.20541891
-0.31312975
-0.36129662
-0.32704204
-0.1491306
0.13053663
-0.1670661
-0.10558525
-0.13823357
-0.17768091
-0.16652879
-0.23708935
-0.36368752
-0.33276191
-0.21138805
-0.32482117
-0.35613665
-0.32879043
-0.25254631
-0.16569585
-0.10846192
-0.1777979
-0.18411016
-0.23379883
-0.20490399
-0.2012751
-0.15827391
-0.19612318
-0.13173243
-0.1395672
-0.11960926
0.11340314
0.10837172
0.11323666
-0.1290834
0.1087769
0.22282192
0.26472053
0.15996814
0.11801762
0.11923502
0.1215058
0.1128927
0.16340938
0.3082757
0.23361449
0.1032309
0.11688089
0.23262411
0.21087493
0.16565469
0.22496666
0.14967945
0.10760365
0.13289438
0.15343384
0.25276077
0.16425297
0.16671182
0.10761612
-0.14155753
-0.10519331
-0.13151644
0.1713586
0.11879324
0.12390617
0.10946994
0.1121239
-0.11052629
0.12190869
0.13906652
0.12398501
0.16924764
0.11526795
0.15021476
0.11665104
0.11545756
0.14972447
0.18133369
0.15251796
0.11805012
-0.14640601
0.14775002
0.16573657
0.13347694
-0.11138084
-0.10702761
0.11529584
0.13300951
0.13418894
-0.12017506
-0.13996647
-0.11188795
-0.11295386
0.17164829
-0.22064076
-0.18020062
-0.13496229
-0.11068885
-0.11853711
-0.14568514
-0.16759986
-0.22733872
-0.20081235
-0.15829588
-0.2114813
-0.15232071
-0.19385925
-0.17361574
-0.14574887
-0.21501237
-0.22741859
-0.15130024
-0.11140135
0.16026781
0.20310536
-0.11846586
-0.19540606
-0.19040494
-0.19749062
-0.16228217
-0.1251913
0.18594928
0.10953201
-0.1250973
-0.13902709
-0.10513946
-0.1071988
0.1289604
0.1434401
0.10926407
-0.10319521
-0.1133412
0.10855053
0.18826047
0.16728011
0.14366654
-0.10964598
0.12515743
0.14646815
0.11018693
0.17734218
0.10715453
0.15456682
0.12075055
0.11567737
0.15371269
0.1915047
0.25751832
0.25430349
0.14962967
0.10422758
0.25710574
0.25725561
0.16598152
0.16435555
0.1746792
0.16645768
0.21014367
0.25964224
0.1543908
0.14453834
0.11871915
0.10641461
0.17968184
0.10509934
0.10708194
0.21676068
0.23173586
0.25942376
0.29261842
0.22878909
0.15485303
0.1640514
0.11382947
0.14046395
0.12453809
0.11498477
0.11904768
-0.13211836
-0.17625855
0.1332977
-0.10704026
-0.1409485
-0.11317813
0.13079141
0.17231901
0.19769681
0.10366546
0.12421704
0.10462649
-0.15480137
-0.1287348
0.11569097
-0.10555329
0.11240151
-0.10638524
-0.12058563
-0.10513029
-0.146861
-0.14217961
0.11080612
0.1660383
0.16773844
0.12463009
0.16573361
0.32692534
0.20483574
-0.12314598
0.16965981
0.21643367
0.24159098
-0.14909896
-0.19270191
-0.16868444
-0.10546793
-0.11247599
-0.13844202
-0.11169048
-0.13022339
0.11413037
-0.14762245
0.13260335
-0.16144063
-0.13640116
-0.12419539
-0.11009429
-0.14464104
-0.12002921
-0.10743786
-0.16121203
-0.12154026
-0.21697807
-0.12907337
-0.12212542
-0.11747675
-0.11351408
-0.10632553
-0.13568453
-0.14613594
-0.13675526
-0.10577229
-0.15094292
-0.11147338
-0.11707643
-0.1128837
-0.16575374
-0.14489555
-0.13724716
-0.13095835
-0.11058649
-0.13158447
-0.18863158
-0.10329232
-0.13048337
0.20898162
0.1716603
0.12437594
0.1547904
0.1136131
0.11216832
-0.11530718
-0.10504383
-0.11713449
-0.11557725
-0.12769468
-0.10668603
0.13798174
0.11161805
0.11182131
0.18336086
0.11440466
-0.12238067
0.14340588
0.14179678
-0.12194734
0.12071329
0.13482226
0.12317008
0.11714707
0.1190384
0.10715888
0.12666944
0.12484623
0.2037555
0.11164366
0.13694654
0.20274092
0.18022183
0.12896603
0.16416852
0.16595475
0.14374594
0.10920441
0.18454616
0.10746045
0.11166764
0.15231775
0.14525278
0.10800597
-0.13921003
0.13978599
0.17703381
-0.19489546
-0.20034592
-0.13387725
0.1044204
0.1309544
-0.28069785
-0.42251319
-0.35760888
-0.20636933
0.11285924
0.13685858
-0.13667822
-0.38800779
-0.37274399
-0.24244079
-0.12685628
-0.13227217
-0.10378385
-0.11303083
0.13453001
0.18285707
-0.12979627
-0.14286229
-0.20806448
-0.19305651
-0.16101408
-0.21783447
-0.10876474
-0.16072929
-0.11801579
-0.10854977
-0.15118045
-0.20315503
0.15991338
-0.24425343
-0.32286969
-0.21761377
-0.12888928
-0.13696608
-0.16238327
-0.1657933
-0.24369363
-0.15179677
-0.16386856
-0.10791595
0.11977681
-0.21766414
-0.23174378
-0.19216728
-0.14174926
-0.13276514
-0.2016567
-0.23730396
-0.1994593
-0.23769863
-0.13051216
-0.18133831
-0.10845202
-0.10914408
-0.12700592
-0.15018331
-0.16253775
-0.12853132
-0.18260679
-0.16964272
-0.16697991
-0.10379887
-0.16692936
-0.1286227
-0.11610056
-0.12452728
-0.1831214
-0.12550145
-0.12233729
-0.11014885
-0.10645159
-0.11757766
-0.10530127
0.11451293
-0.12228246
-0.13288525
-0.11726478
-0.187821
-0.13453479
-0.12522343
-0.10812414
0.13824467
0.13041438
0.12856759
-0.10876896
-0.12530574
0.11418288
0.1345211
0.11067043
0.15045916
0.1438197
0.16378677
0.15306631
0.11329284
0.1322788
0.14706191
0.18233071
0.20067242
0.13798098
0.11236446
0.15506789
0.13834198
0.12300365
0.1944785
0.19776879
0.230253
0.15568078
0.10352396
0.14241502
0.17024155
0.10497203
0.16716772
0.10354882
0.16337629
0.12296811
0.12696086
0.10507932
0.16855977
0.16876268
0.10707979
0.2125726
0.19581571
0.14001594
0.11631912
0.10987666
0.15211177
0.15651548
0.17831591
0.15369315
0.13491102
0.14687763
0.14724222
0.15638967
0.10344057
0.10497174
0.13559796
0.21916504
0.25874168
0.12357035
0.15502872
0.15789664
0.13983862
0.1274111
0.24373023
0.23848945
0.17539556
0.17127576
0.23470847
0.11012053
0.18217598
0.19218473
0.16532233
0.17171915
0.12682052
0.14931953
0.10445594
0.19618005
0.11160547
0.10501008
-0.12586416
-0.21437056
-0.14920822
0.12354547
0.12279005
0.15428774
0.24193391
0.16781537
0.13270529
0.23819728
0.21195842
0.19265556
0.24036019
0.19505449
0.19606271
0.32160154
0.11791915
0.22694281
0.31938359
0.25507805
0.11517692
0.10774481
-0.10829061
0.11424462
0.13094552
0.10502064
0.23487198
0.26192322
0.24769886
0.21697788
0.16966617
0.15037489
0.13730006
0.10598773
0.12718077
0.222139
0.10564244
0.10674448
0.12445146
-0.12179254
-0.17607559
0.14987446
0.15838444
0.19636284
0.15820441
0.14306694
0.12587394
0.13182199
0.15088853
-0.11490227
0.10344208
-0.12090894
-0.16532663
-0.15014602
-0.22615473
-0.14306112
-0.14423676
0.16304184
-0.15051624
-0.18184192
-0.24569894
-0.17760436
-0.13823979
-0.1407969
-0.13466863
0.21591006
-0.17289631
-0.19492462
-0.21377826
-0.10984588
0.11610842
-0.12815389
-0.17878707
-0.18744847
-0.13011694
-0.15484542
0.2777963
0.18080708
-0.28920275
-0.11499847
-0.19996214
-0.14295433
-0.12011276
-0.10715149
0.10343063
0.21346104
0.14332485
0.17033017
0.11855154
-0.23293264
-0.12628663
-0.14969882
-0.11546868
0.13345656
0.11712685
0.11987047
0.19105983
0.28641585
0.11131525
-0.19171789
-0.15225877
0.20371579
0.20645936
0.23497935
0.14923012
0.14388707
0.15026125
0.11596303
0.13177623
0.17398469
0.11990816
0.14435227
0.37986565
0.20089145
0.1535928
0.10883855
0.15390965
0.2214658
0.10493843
0.1045159
0.10990854
-0.13165027
0.14028341
0.11740564
0.12576598
-0.12540983
-0.10314859
0.15987983
-0.10894202
0.10370933
0.10966352
-0.13644062
0.16613223
0.10805628
0.12757684
-0.14651811
-0.14916153
-0.14890358
-0.17947651
-0.21948373
-0.18775997
-0.16127343
-0.16571991
-0.16686799
-0.11565442
-0.10713594
-0.23688741
-0.19239457
-0.11851185
-0.11887169
-0.13353148
-0.14422598
-0.13125212
-0.14090025
-0.17060407
-0.21147609
-0.19973412
-0.22594737
-0.23816049
-0.12821096
-0.1376456
-0.19085021
-0.17741658
-0.25892889
-0.27864206
-0.22325918
-0.12280799
-0.13730115
-0.12103849
-0.19881973
-0.11183693
-0.11783312
-0.15193094
-0.12930287
-0.11369444
-0.14097184
-0.12162779
0.11434284
-0.11143873
0.17304657
0.10777064
0.10825147
0.14762917
0.13661693
0.13830326
0.14709017
0.13737629
0.20195892
0.15119031
0.123399
0.12462217
0.13324729
0.1408824
0.11718598
0.14222519
0.10638076
0.13580143
0.20345715
0.11720725
0.12335628
0.11115571
-0.13855432
0.11069855
-0.11951014
0.11705102
0.11723967
0.11617935
0.14335376
0.10437043
-0.11099149
-0.13357703
-0.14640374
-0.12234964
-0.23165829
-0.12728542
0.11750057
0.11973596
-0.16838984
-0.17657508
-0.16360115
-0.13401431
-0.19165964
-0.15935734
-0.18179661
-0.18861285
-0.1696482
0.11146963
0.11600839
-0.11821765
-0.10741822
-0.14818197
-0.10770397
0.14480877
-0.11597062
-0.12440642
-0.12223875
0.13193379
0.14477038
-0.10715473
-0.14660873
-0.12677191
0.14383027
0.1420745
-0.11423717
-0.14868197
-0.16167969
-0.14035055
-0.11220911
-0.17453063
-0.11129665
0.11883365
-0.12628511
-0.18576406
-0.15168017
-0.2589305
-0.13234094
-0.1202617
-0.12227726
0.18829866
-0.12218622
-0.14794886
-0.1933133
-0.13691679
-0.11626048
-0.14437057
0.12372378
0.15382044
-0.10424156
-0.15950298
0.11075278
-0.14278577
0.13693894
0.16318771
0.15186085
0.1433145
0.10705065
0.13477065
0.23263477
0.10719251
0.10458281
0.10882638
0.13602446
0.1833027
0.23105595
0.20021063
0.10661841
0.12471104
0.13575265
0.11991803
0.12752999
0.32405505
0.21365674
0.16013102
0.12698288
0.11372178
0.15292412
0.15248543
0.10500515
0.1620634
0.11410133
0.10317202
0.11071706
0.11479504
0.139571
0.13686562
0.16481337
0.16430667
-0.12651613
-0.104013
0.19578379
0.10552364
-0.11337757
0.12642227
0.14889745
0.17553721
0.14328822
-0.15289079
0.1181623
0.1177927
0.15821812
-0.12532865
-0.11754259
-0.13986871
-0.15503994
-0.10465616
-0.14513582
-0.12273248
-0.11651755
-0.10436603
-0.16963974
-0.18534715
-0.15086457
-0.17152447
-0.29842702
-0.30667779
-0.15340978
-0.11462105
-0.12053387
-0.17600989
-0.15034063
-0.1304069
-0.14282124
-0.19565748
-0.23185194
-0.22526132
-0.15003555
-0.12138503
-0.19663128
-0.25714922
-0.17479345
-0.12324003
-0.138708
-0.11577242
-0.22804496
-0.15235096
-0.1257312
-0.11910601
-0.11472648
-0.12178241
-0.162947
-0.10976137
-0.14426489
-0.15928581
-0.10574107
-0.10832407
-0.12684382
-0.10354743
-0.15488186
-0.16754512
-0.27626085
-0.19036172
-0.21333693
-0.15962543
-0.21836713
-0.289996
-0.34879193
-0.24735977
-0.21902326
-0.18498868
-0.147734
-0.11690418
0.13165824
-0.10435228
-0.13433988
-0.11356407
-0.16041307
-0.14711131
-0.11338749
0.11258437
-0.11297954
-0.11012091
0.12318889
0.1533203
0.13371979
0.13295576
-0.10875545
-0.10362446
0.11713436
0.15150963
0.1081695
0.13429213
0.12510586
-0.20917632
0.17788984
0.11049329
0.11978134
0.10866273
0.10723971
-0.12443186
0.12080602
0.1299482
0.1344876
0.12167817
0.13375141
-0.12279228
0.10497916
0.15511017
0.18221194
0.15561582
0.15295103
0.10551272
-0.11611425
0.16613449
0.14426431
-0.138873
-0.11427442
-0.10508943
-0.1610802
-0.14019129
-0.11029351
-0.13750441
-0.16458617
-0.12444502
-0.16295773
-0.27996284
-0.16372439
-0.16742848
-0.11902244
-0.17221187
-0.12176521
-0.12553355
-0.15277252
-0.24963665
-0.26789916
-0.15254237
0.11014581
-0.12656595
-0.19477104
-0.26949218
-0.20771609
-0.13611753
-0.11745003
0.13306409
-0.11358201
-0.11835569
-0.1612232
-0.21027818
-0.24934722
-0.12917979
-0.2066412
-0.21926542
-0.25117284
-0.13286979
-0.10401675
-0.14293675
-0.14540045
-0.14624995
-0.2112488
-0.16568387
-0.12496901
-0.13949165
-0.1500179
-0.20376649
-0.20231301
-0.21761118
-0.14184405
0.10712803
-0.16139297
-0.1472401
-0.10371024
-0.13583484
-0.20477556
-0.11709721
-0.10686836
0.12552954
0.10385194
0.12521029
-0.11558146
-0.10590938
-0.15011007
-0.14177729
-0.15586507
-0.10698682
-0.13356301
-0.10973552
-0.13001172
0.13517061
0.10728455
0.12139861
0.10671265
-0.15580055
-0.15705453
-0.14137441
0.11023023
0.12018218
0.19214645
0.22408739
0.26856765
0.20570214
-0.12864655
-0.19307524
-0.12426694
0.10695767
0.22318798
0.17291966
0.13447338
0.11063243
0.10561375
-0.16211809
-0.23227502
-0.32865864
-0.17078927
-0.1057587
0.11824366
0.1351157
0.11484814
-0.22295301
-0.20617543
-0.20978735
-0.12664872
0.16591668
-0.15352121
-0.14960459
0.10449022
-0.13401243
-0.12725897
0.13233869
0.11282249
0.16252533
-0.12885991
0.10767668
-0.12082818
0.13172497
0.12263604
0.17648365
0.15271236
-0.15365221
0.11884164
-0.12811477
-0.12687892
0.16807689
0.22463268
0.15182075
0.10337175
-0.21823896
-0.24029586
0.10447226
-0.10805947
-0.35533696
-0.38739073
0.16275035
0.16982788
-0.24947941
-0.24303828
0.13003451
0.12143931
-0.10407932
-0.12992264
-0.12340668
-0.23809014
-0.31685683
-0.40169075
-0.61499077
-0.48084816
0.20001888
0.12942676
-0.13887995
-0.20038515
-0.21948992
-0.22430284
-0.17684777
-0.31086248
-0.32581332
-0.38584808
-0.43559644
-0.41015634
-0.44868201
-0.41064161
-0.15409315
0.11177962
-0.13380201
-0.15747856
-0.30705744
-0.37092343
-0.31898656
-0.48908088
-0.46425563
-0.38912621
-0.28025657
-0.14892161
-0.13052215
-0.11969198
-0.32891694
-0.32090685
-0.26266876
-0.28677958
-0.18509321
-0.10443106
0.14935449
0.198213
0.13974568
0.10407404
0.1332285
0.12107119
0.13620646
0.18592025
0.12465398
0.10750812
-0.1105229
0.11398181
0.16495697
0.1461066
0.11413711
0.10585545
-0.12960619
0.16677698
0.1579278
0.10802379
0.12034969
0.11007118
0.21636297
0.16603169
0.10735101
0.12871498
0.11915287
0.10456634
0.17035499
0.17879052
0.21913955
0.16742466
0.20094056
0.18217279
0.17236151
0.11567773
0.10755444
0.18347058
-0.13000174
-0.19705598
0.14668429
0.10794574
-0.11636324
-0.14961667
-0.19866052
-0.13492998
-0.13448186
-0.13470116
0.15367964
-0.12380704
-0.10818025
-0.11082889
-0.26468578
-0.31187758
-0.26834717
-0.14159445
0.11278984
-0.12329442
-0.14085357
-0.14368482
-0.11691915
-0.14536522
-0.1046344
-0.18547861
-0.10863775
0.11112032
-0.13326792
-0.10770861
-0.10317785
0.14770538
-0.12384813
-0.11996832
-0.16315162
-0.17474489
0.15547471
-0.11036857
0.12036946
-0.16525033
-0.11926434
0.1060079
0.1247894
0.11292311
0.10808815
0.12386753
0.12565377
-0.11847658
0.11589429
0.10594903
0.10363194
-0.10625014
0.1685693
0.10520755
0.10442802
-0.15320663
-0.15569563
-0.15862523
-0.16914451
-0.1043301
-0.10705677
-0.10588823
-0.19187836
-0.16370991
-0.1228895
-0.14641786
0.16537791
-0.13530435
-0.14684093
-0.12298991
-0.22067095
-0.14739327
-0.13207211
0.11859336
-0.18109596
-0.16256237
0.17413138
0.16538532
0.1612858
-0.12009798
-0.11207423
0.15459527
-0.12834901
0.11790588
0.15487078
0.14791636
0.15622215
0.12307519
0.1278635
0.1417459
0.11110501
0.12598203
0.10772093
0.20148753
0.12091046
0.11777244
0.10324589
0.19617283
0.21542877
0.16305955
0.13311757
0.10322612
0.18554477
0.1179023
0.12640516
0.11878736
0.10503773
0.13808402
0.11685663
0.13610215
0.10512392
0.11994445
0.12119317
0.10856426
0.11898179
0.15764283
0.17448944
0.1106188
-0.12466682
-0.1144434
0.12352393
0.17114279
-0.17696384
-0.27307606
-0.10566062
-0.11882228
-0.10878202
0.11149361
-0.12663077
-0.18322636
-0.18655798
-0.18455486
-0.19386113
-0.13699661
-0.15048352
-0.10706372
-0.10947938
-0.13231494
-0.18383563
-0.1038482
-0.11432171
-0.10925765
0.1281538
0.1325938
0.10443149
0.11395864
0.12955087
0.14489894
0.1241561
0.15485086
0.13302311
0.10771912
0.16634333
0.20508479
0.11769956
0.11348496
0.10522941
0.16904858
0.15423526
0.18120007
0.1308765
0.15734154
0.10379324
0.11411499
0.11114229
0.10506284
0.14680621
0.20441671
0.13054416
0.13418351
0.16573741
-0.12132344
0.10599582
-0.15612695
0.14554267
-0.14675835
-0.16255845
-0.19160764
-0.10785594
-0.11746535
-0.15240543
-0.10344886
0.14182322
0.11542414
-0.12238066
-0.19007856
-0.10636708
-0.11779909
-0.10943754
-0.16856031
-0.11607136
-0.11242737
-0.14380769
-0.10855796
-0.16081366
-0.14730598
-0.13871227
-0.11702995
0.11867639
0.15650697
-0.15669863
0.11999244
0.10975513
-0.14132625
-0.1157425
-0.24470408
0.1478563
-0.11710467
-0.15686962
-0.10934982
-0.14308703
-0.15993164
-0.17896461
-0.11574961
-0.14362107
-0.17584229
-0.10879705
-0.10333658
-0.11229027
-0.15720354
-0.15857159
-0.10867224
-0.19763993
-0.29046667
-0.14053284
-0.10540793
-0.12675966
-0.10537127
-0.15652843
0.12907343
0.13154162
0.12278387
-0.12491241
-0.10487833
0.13957424
-0.14847535
-0.15663221
-0.15646815
-0.14047986
-0.12428138
-0.1446925
0.12330178
0.11321036
-0.14332999
-0.16662048
0.12748495
0.17152877
0.13630134
-0.14779836
-0.14478299
-0.15074377
-0.22215317
-0.28277579
-0.19242939
-0.18453915
-0.10772558
-0.13473685
-0.17695591
-0.27069023
-0.26295224
-0.23272033
0.11771715
-0.13724837
-0.12319102
-0.11911257
-0.22860526
-0.18606161
-0.12156537
-0.21874417
0.10916555
0.16344796
0.12245747
0.14095855
0.12969828
0.11069185
0.12331972
0.22205713
0.10829087
-0.22532731
-0.25127253
-0.27165362
-0.18368939
0.13095881
0.10395251
-0.15628628
0.17819603
0.10807372
0.12811768
0.11011417
-0.13477921
-0.28750035
-0.28402054
-0.35592496
-0.12941031
0.14337023
0.12792601
-0.24369201
0.10756909
0.12211442
0.14583774
-0.1874374
-0.31668153
-0.41041824
-0.31877375
0.19304326
0.17732884
-0.15808885
-0.26720732
0.12713064
0.22275136
0.13415568
-0.18083344
-0.40776503
-0.4383243
-0.25136769
-0.11754035
0.13543434
0.21444018
0.200817
-0.25874329
0.20760439
0.31838635
0.2305744
-0.13747783
-0.28010514
-0.38394484
-0.34213117
-0.13271791
0.1960583
0.1699211
-0.17636013
-0.10657801
0.25173873
0.33106995
0.15619069
-0.29281059
-0.3708196
-0.37951392
-0.17784253
0.12588117
0.13560402
-0.14026275
0.11758254
0.2796388
0.3039093
-0.32833716
-0.34654042
-0.33242294
0.10336328
0.13867718
-0.10701429
0.11401179
0.14348762
0.2341606
0.14242059
-0.28705457
-0.3422327
-0.22757384
-0.11058185
-0.17183241
-0.27410722
0.1839076
0.18756141
0.20143193
-0.12145513
-0.14910035
-0.26879793
0.13120104
0.13283624
0.11882251
-0.1491266
-0.24552456
-0.11621154
0.12979677
0.14737216
-0.1874834
-0.33840674
0.13348483
0.12231886
-0.12758507
-0.23296407
-0.10529996
0.10644913
-0.14390804
-0.13096178
-0.17569649
-0.13216572
-0.22022861
-0.11357501
0.11312653
-0.15995853
-0.15849672
-0.11112827
-0.26705211
-0.10350668
-0.1325275
-0.1191164
-0.14745998
0.13174778
0.10344397
-0.10514598
-0.19965069
-0.21222784
-0.17450677
-0.12694648
0.11211814
-0.127941
0.10662904
-0.12032089
-0.10311767
-0.13833833
-0.11500596
-0.13402097
-0.17430623
0.10437766
-0.16057388
-0.10958977
0.11211456
0.10724939
-0.1119866
0.14726782
0.16467048
0.14674385
0.11387554
0.1066988
0.21099113
0.16620402
0.16427892
-0.11861724
-0.16508192
-0.17336275
0.11464132
0.15116575
0.1110128
0.25205764
0.2357963
0.15758163
-0.15142077
-0.21875042
-0.16553791
-0.23884003
-0.17367843
0.12443928
-0.12017941
-0.26777899
-0.16175012
0.15547217
0.27332029
0.27136979
-0.16595064
-0.16363126
-0.14559965
-0.16967508
-0.15454005
-0.12677336
-0.12806736
-0.13203397
-0.10381524
-0.10570872
-0.11552487
-0.11763497
-0.12140085
-0.15111603
0.11067007
0.12500893
-0.12785681
-0.13803719
-0.16731428
-0.13405511
-0.14447778
-0.14857566
-0.12659806
-0.14221407
0.10902482
0.1388339
0.13235115
-0.12319451
-0.132379
0.12843721
-0.12105404
-0.14035112
0.15904535
0.17972071
-0.13287131
-0.19244097
-0.19844259
0.1131877
-0.13801776
0.11844177
0.12008233
0.13573003
0.15107085
-0.22583485
-0.27436739
-0.17872924
0.18556911
0.13298512
-0.12659353
0.13690561
0.15163149
0.12221055
0.13821626
-0.13928485
-0.17393668
0.19215868
0.12084622
0.14603408
0.13515235
0.13724516
-0.13216886
-0.13227655
0.10913162
-0.11186934
-0.13740638
-0.14979681
0.16684778
0.23212068
0.22366679
0.13257749
-0.15269342
-0.17267473
-0.11473822
-0.1115142
-0.2035474
-0.22836439
0.21669398
0.22195493
0.13024147
-0.17963132
-0.11756033
-0.14681099
-0.27829576
-0.36426157
0.11819749
0.21138249
0.12851405
0.12592226
-0.20024319
0.13613929
-0.17612113
-0.40555829
-0.40665039
-0.20015095
0.16823536
0.11104162
0.14763503
-0.19669756
0.10565257
-0.10960523
-0.1733941
-0.37146759
-0.34348866
-0.11529239
0.10426853
-0.16353095
0.14155054
0.13884173
0.16845781
-0.12748908
-0.11487892
-0.19812812
-0.18375115
0.14356014
0.12220679
0.12876453
0.1362536
0.12062033
-0.14808138
-0.19139977
-0.16462648
0.10477427
0.18567328
0.14005631
-0.10522614
-0.10941578
0.1249629
0.11612129
-0.17338522
-0.16442801
0.12142795
0.17976815
0.14847223
0.11835501
-0.11150628
-0.13076027
0.11398837
0.16864574
0.20649852
0.13065211
0.17219475
0.1122378
0.18570387
0.21434571
0.19962358
0.14489721
0.12137862
0.11843481
0.13791437
0.15154807
0.14629015
0.13449976
0.10755598
0.10795147
0.11073799
0.11137359
0.24351948
0.10573777
0.20074105
0.15466948
-0.10787999
0.11380197
0.10764793
0.25137961
-0.11789437
-0.13937376
0.10600706
0.12019931
-0.1492638
-0.11080731
-0.11406261
-0.11598369
0.11683676
0.13606398
0.20781341
0.17484127
-0.1265495
-0.14986546
0.10962231
0.11164102
0.16179292
0.15253834
0.1542898
-0.15569012
0.2439189
0.14450054
0.11684296
0.15802875
0.12889184
-0.13107498
-0.14829196
-0.18094209
-0.19336528
-0.14750746
-0.18022719
-0.16486514
-0.14335339
-0.20571251
-0.13239037
-0.12633608
-0.16669697
-0.13897006
-0.14591146
-0.12714703
-0.10777732
-0.10600298
0.10931174
-0.10968477
0.11010896
-0.11147312
0.16301711
0.14894323
0.26534063
0.23783082
0.16009741
0.10517644
0.12410422
0.14306669
0.15011224
0.13943282
0.14991768
0.11435415
0.14697479
0.11275659
0.15644394
0.12736285
0.14304887
0.10442939
0.11443269
0.13824402
0.13701425
0.13570823
0.11205425
0.10637149
0.1091385
0.11517521
0.16231149
0.14322104
0.10747585
0.12405523
0.10543564
0.17181376
0.12523912
0.11387925
-0.17522176
0.14704388
0.10857235
-0.14717408
0.2121387
0.11390916
0.10366902
0.11860964
0.11092147
-0.15965131
0.13238488
0.10425615
0.14525972
-0.13994154
0.1271513
0.12035448
0.12527561
-0.12215309
-0.1898469
0.1248687
-0.19059497
0.14313982
0.13257019
0.10624667
0.14905731
-0.10338203
0.13088496
0.10421019
-0.10618987
-0.11982269
-0.13792159
-0.1244785
-0.11542279
0.12588596
-0.11389367
-0.11380763
-0.11298119
-0.22395265
-0.13253139
-0.17303677
0.16003749
-0.16075741
-0.14358439
-0.12270762
-0.12522532
-0.17882933
0.15835281
0.1138869
-0.22683524
-0.12773633
-0.14324576
-0.11647058
0.116942
0.12588975
-0.1299756
-0.1116937
-0.10601992
-0.11077273
0.11979868
0.12404167
0.11632951
0.16168852
0.12772156
0.1633451
0.10530454
0.11971534
0.19341797
0.1476676
0.11345957
0.20699014
0.11769735
0.24408565
0.15722796
0.11875083
-0.11075452
-0.13885792
-0.16447307
-0.16138421
0.1445376
0.11140466
0.10606101
0.15150248
0.13550274
0.16873477
0.10569641
-0.13301036
0.11180103
0.11802123
-0.13098609
0.12314066
0.12611008
-0.11639892
-0.15463807
-0.14239129
-0.20451073
-0.23750855
-0.13927303
-0.17388722
-0.1194159
-0.18268803
-0.17239216
-0.11203446
-0.14431095
0.11657774
0.11801331
-0.14191106
-0.20856801
-0.20746616
-0.25842118
-0.18266323
-0.13416043
-0.11775261
-0.1263561
-0.16571128
-0.1674142
-0.21178195
-0.14897127
-0.16010064
0.16499966
0.18792817
-0.19773221
-0.22405398
-0.14175208
-0.2246258
-0.23436777
-0.11047962
-0.10671698
0.109285
-0.11190255
-0.10437084
-0.1126162
-0.20523551
-0.19413731
0.12003367
0.14258796
0.11835795
-0.11194812
-0.10962938
-0.11758674
0.12983756
0.15370974
0.18718226
0.12231823
0.11127897
0.13531327
0.24542901
-0.10406508
0.1968033
0.23267724
0.16977105
0.11943481
0.11613899
0.12854327
0.14809397
0.10964279
0.10354356
0.21416301
0.2090359
0.10538875
0.10746241
0.21788497
0.28048533
0.19863801
0.19427885
-0.11731512
-0.12643342
0.13922344
0.16223593
0.22150949
0.2177553
-0.11260355
0.10834083
-0.10337212
-0.12498962
-0.12950945
0.10778484
0.12763426
0.1113082
-0.12015553
-0.10843249
-0.14468224
-0.20234498
-0.22617099
-0.11278797
-0.11186488
-0.13460384
-0.10618883
-0.13561295
0.17413378
0.12321937
-0.14535888
-0.33371922
-0.24376635
-0.28684404
-0.2181548
-0.19621621
-0.18346848
-0.14323674
-0.14562723
-0.17264511
-0.13847311
-0.19362898
-0.15004648
0.1122881
-0.1891828
-0.32645488
-0.35603532
-0.3234596
-0.21756093
-0.14115302
0.14072211
0.10334985
-0.15247124
-0.13466169
-0.11452695
-0.15603708
-0.19731179
-0.16397461
-0.14447856
-0.11316919
-0.13330559
0.13077947
0.1569798
0.1326444
-0.10390206
-0.10341828
-0.13131347
-0.13272773
-0.18290581
0.11353917
-0.14562556
0.14412896
0.11376367
0.12122873
0.13064088
0.1059636
0.12302794
0.12094646
0.15891832
0.17957012
0.10507062
0.18408097
0.12530892
0.11001003
0.13584261
0.17995092
0.15487643
-0.13780798
-0.14030379
-0.13561811
0.10752751
-0.1477911
-0.12874544
0.18501945
-0.11156172
-0.17196317
-0.17236122
-0.14177865
-0.15546493
-0.11134852
-0.12584005
-0.17407723
-0.24401763
-0.31680778
-0.14279896
-0.12119027
-0.25069708
-0.11569616
-0.12120935
-0.23252258
-0.17491688
-0.21247746
-0.29491475
-0.29728323
-0.29630998
-0.18668415
-0.13237734
-0.14254273
0.18518972
0.16380659
0.15788023
-0.14425571
-0.14323743
-0.12684672
-0.10557465
0.11206075
0.11087502
0.13016383
0.20535158
0.22042672
0.1166834
0.13150892
0.15982352
0.11314707
0.16570896
0.11257169
0.14760339
0.14448576
0.13613951
0.18352604
0.12257718
0.16775027
0.12174875
-0.11812337
0.10776238
-0.13355276
0.11513052
0.13186523
0.2617898
0.17591549
0.11468929
0.12045108
0.13885395
0.12094229
0.13942775
0.10556182
0.11405726
-0.2139302
-0.12395443
0.15817572
0.21308941
0.22526941
0.15690044
0.12486564
-0.11259981
-0.11280923
-0.14084357
-0.17077076
0.21144743
0.22298099
0.13390182
0.10392095
-0.19248834
-0.15468445
0.1375557
-0.16511105
-0.29240486
-0.28775793
-0.19069558
0.21452783
0.11677829
-0.12406522
-0.2339116
0.15841064
-0.12784781
-0.23675017
-0.26695773
-0.15530506
-0.13672379
-0.1161927
0.15591432
0.11742285
-0.10549511
-0.22005889
-0.21825536
-0.13522318
-0.13406059
-0.12866417
0.13424592
-0.15525366
-0.27252755
-0.29586038
-0.16457513
-0.10553712
-0.12849918
-0.11233374
-0.16629829
0.15158477
0.19179437
0.17285956
-0.12917808
-0.31961146
-0.32595986
-0.18521488
-0.21215579
-0.11024605
-0.13069525
-0.18430056
-0.13559031
0.19519432
0.18272471
-0.25748518
-0.14407712
-0.18885891
-0.15772262
-0.14175469
-0.20771872
-0.16958785
-0.13046849
0.12605284
0.12568852
0.11734009
0.1608385
0.11547368
0.23256002
-0.22170101
-0.14254741
-0.18155941
-0.24283321
0.10741793
0.11962581
0.15144572
0.17427266
0.11203795
0.11447616
-0.12773716
-0.1188591
-0.11635126
-0.22169784
0.11145024
0.13518727
0.10829514
-0.18816115
0.13797814
0.11940713
0.13688037
0.1665822
-0.22586598
-0.1153458
-0.11454369
0.12053355
0.128489
-0.12713172
-0.12493847
-0.12411341
-0.12359356
-0.11083313
0.24244922
0.18183616
-0.10683523
-0.10572266
-0.1625568
-0.15940754
-0.1587465
-0.11323442
-0.14374343
-0.10537694
0.11391446
0.24265684
0.17087564
0.11339174
-0.11828352
-0.10949037
-0.14475943
-0.120172
-0.27013463
-0.22052652
-0.18292286
-0.11619318
0.17286552
0.20559321
0.13050808
0.11078867
-0.11873297
-0.14046383
-0.14714535
-0.20906727
-0.14425939
0.16047035
0.15770026
0.15459935
0.13160858
0.12941636
-0.12613301
-0.10840413
-0.12660107
-0.13745585
-0.13613002
0.13579889
-0.10800654
-0.17710814
-0.23498493
-0.24089612
-0.25116268
0.1034035
0.14889406
0.10623842
-0.17831872
0.10955144
-0.11920375
-0.24411416
-0.24276267
-0.31209719
-0.19843641
-0.20419542
0.11372242
-0.12287026
-0.13531145
-0.21033193
-0.19489655
-0.20413756
-0.2096277
-0.23828967
-0.16170719
-0.13123538
-0.19634107
-0.13974455
-0.12294107
-0.2082482
-0.19126534
-0.14404936
-0.27492025
-0.29298183
-0.25258172
-0.13152404
-0.29798597
-0.34010273
-0.18489061
-0.14395304
-0.11800277
-0.15457556
-0.23526268
-0.23343907
-0.13931935
-0.12000725
-0.1223361
-0.16065618
-0.19320804
-0.16364437
-0.13260047
-0.15728438
-0.13004088
-0.12611184
-0.16324553
-0.18197098
-0.15601416
-0.17680898
-0.12095854
-0.11806927
-0.12502334
-0.13687536
-0.16331242
-0.1050562
0.13258623
0.1164146
0.13870072
-0.10968638
-0.15679297
0.10420069
0.12938964
-0.17244934
0.15126792
-0.12501918
-0.12089281
0.13326314
0.10553227
0.10465863
-0.13277319
0.15720199
0.13973987
0.14025983
0.15886025
0.11116327
0.14646986
-0.13344692
-0.19884123
-0.2354064
0.11861388
-0.1065997
-0.20167688
0.12972534
0.14456955
0.14960973
0.10959846
-0.10588587
-0.18567036
-0.25718838
-0.26202196
-0.19924738
0.10378746
0.1194959
0.16023736
0.11371443
-0.19484898
-0.13263123
-0.21904537
-0.16139585
0.10581439
0.17023148
0.18322022
0.15898696
0.1173884
0.17871514
-0.16723388
0.11830331
0.12695417
0.1054261
0.16441689
0.20109314
0.12124296
-0.2302981
0.12125797
-0.16602674
-0.13172206
-0.11185935
0.14458382
0.17918523
0.11869659
0.10706304
0.15177974
0.10498765
-0.1347255
0.1669841
0.14730962
0.21587613
0.18762617
0.20732053
0.12676205
-0.10664431
-0.11095432
0.17672217
0.11522233
0.18648234
0.17063847
0.13735661
0.17570709
0.10990516
0.11766084
0.12687443
0.12940583
0.10362735
0.15526801
0.1372329
0.14945646
0.15256144
0.11689033
-0.1237067
-0.12102698
0.12721339
0.13787036
0.15059467
0.1387624
-0.11230384
0.10330161
0.12958895
0.10746375
0.14231898
0.11384479
0.11004522
0.1051101
-0.13105035
0.11340751
-0.10837412
0.10493997
0.15796448
0.11691176
-0.10613832
-0.11662121
-0.2166699
0.11170405
-0.10865363
-0.16318567
-0.19676836
0.11942766
0.15076786
0.11228535
-0.21438783
-0.22041662
-0.20186026
-0.17543177
-0.10467314
-0.13026783
-0.15681589
-0.10873335
-0.14965002
-0.16420668
0.11658257
0.11214866
0.13374816
0.10995456
0.13915394
0.14280471
-0.1145717
-0.17995335
-0.27530709
-0.22189972
-0.14927277
-0.14052625
-0.13088
-0.11595143
0.13860592
0.11068939
0.1752551
0.16128877
0.10540386
0.1774139
-0.1165581
-0.15728894
0.10474721
0.15448764
0.16062969
0.19860427
0.17258479
0.12443139
0.15304759
0.14913227
0.10891174
-0.16676526
0.12075755
0.13371204
0.14205255
0.17087176
0.13780379
-0.19271979
-0.10731201
-0.12033031
0.11138284
0.11102303
-0.19652626
-0.13446912
-0.11230335
0.10630471
0.11720924
-0.11795196
0.11861444
0.10830824
-0.13711183
-0.18705945
-0.14150801
-0.12716217
0.11278918
0.13075005
-0.14335743
-0.27858335
-0.12609538
0.21232523
0.13258702
-0.13542055
-0.30819651
-0.20448764
0.14609864
-0.10997656
-0.21377237
-0.1412625
-0.14158612
-0.14458357
0.1256578
-0.12881529
-0.12090169
0.11763187
0.20743509
-0.1219207
0.10428586
-0.16600181
-0.17992494
-0.10992029
0.18089013
-0.10913626
0.16426809
0.16358295
0.14473756
0.11250442
0.11631435
-0.17304723
0.10821171
-0.16878447
-0.11910054
0.14415427
0.15968381
0.14009251
-0.30081418
-0.16657023
-0.15087627
-0.10699818
-0.1121443
-0.19913901
-0.17778428
0.10417797
0.16039383
-0.30235034
-0.11692358
-0.12733845
-0.12298044
0.12704842
-0.11902274
-0.28548923
0.19254707
0.1353188
-0.23758653
-0.13797867
0.16875952
0.13242838
-0.17343655
-0.11541722
-0.18251483
0.12361227
-0.19766891
-0.19442278
-0.2535482
-0.321495
-0.15949294
-0.10559257
0.10699928
0.10655184
-0.10894442
-0.14612323
-0.17917284
-0.2339032
-0.31044024
0.19614708
0.14520688
-0.13732462
-0.20801438
-0.29952732
-0.2243194
0.18490741
0.1434163
0.14269768
0.11830726
0.12194457
-0.10313665
-0.11672355
-0.27855435
-0.30443594
-0.21343645
-0.21252389
-0.11986958
-0.13313167
0.12087443
0.13962042
0.12776025
-0.15105313
-0.24149753
-0.28613055
-0.24910927
-0.32027414
-0.20627211
-0.11416831
-0.20297565
-0.12029992
0.14212795
-0.10381535
-0.13948281
-0.11816671
-0.17814285
-0.22389352
-0.17858064
-0.17447874
-0.1862518
-0.12332974
-0.11555906
-0.12958752
-0.13863659
-0.23668918
-0.14397413
-0.19588539
-0.23564535
-0.20524022
-0.1067048
-0.12710778
-0.12383033
-0.13518777
-0.10690299
-0.14753853
-0.12777056
-0.14329408
-0.16980095
-0.19910003
-0.25475848
-0.22832493
0.13950986
0.10655379
-0.11595971
-0.12730119
-0.14727955
0.12552589
-0.12629756
-0.14771119
-0.19405457
-0.10506631
-0.10880766
-0.10751907
0.13178255
-0.10867796
-0.20480536
-0.18154612
0.12351042
0.17275666
0.16971405
0.11939768
-0.2016221
-0.27577725
-0.17648439
-0.1263186
0.1045015
0.11611858
0.12069906
0.20509866
0.19022545
0.16245389
0.17535546
0.11888606
0.10585698
0.17329822
-0.14048238
-0.16607219
-0.11759423
-0.1192851
0.14509487
0.13906834
0.15466368
0.23466542
0.27820736
0.16267796
0.21978183
0.11421806
0.12636839
0.10703969
-0.11512215
0.14601845
0.21424887
0.1578555
0.20221612
0.23348355
0.36399481
0.21258089
0.16635522
0.130945
0.15749361
0.10321223
0.16803028
0.20968941
0.1613977
0.10532764
0.14675924
0.20973468
0.18649994
0.14544596
0.26419887
0.23251118
0.22354533
0.19772698
0.17930131
0.16332528
0.16309835
0.26479903
0.19798215
0.11694417
0.11800662
0.19507311
0.19663462
0.11636107
0.16055815
0.2067683
0.1869458
0.12261894
-0.15221307
0.21349002
0.12391479
0.2371449
0.11327539
0.11683281
0.1347494
-0.1705679
-0.10995316
0.24623986
0.19179979
-0.12486906
-0.20946375
-0.14364797
0.15130433
0.1065862
-0.11352926
0.13710774
-0.12665594
-0.2630868
-0.1054497
-0.15305427
-0.16900831
-0.18066171
-0.17993312
-0.14464006
-0.17323944
-0.12094617
-0.20171364
-0.15805326
-0.10448441
-0.14748266
-0.11404452
-0.15749647
-0.21887556
-0.18100268
-0.10541966
-0.14982383
0.10794064
0.1250592
-0.12319706
-0.15631355
-0.11096762
-0.1672716
-0.11692851
-0.2897234
-0.30724066
-0.28155363
-0.11985213
-0.11815378
-0.16623479
-0.22763425
-0.27234027
-0.16446252
0.11708531
-0.18416584
-0.26564583
-0.31113723
-0.24654219
-0.19168235
-0.1732022
-0.12475834
-0.15009604
-0.17030767
-0.19112936
-0.12329361
-0.20219643
-0.26722613
-0.23216991
-0.13555177
-0.12425765
-0.17996503
-0.23562115
-0.22029744
0.1072295
-0.1837654
-0.19315408
-0.17667754
-0.13744324
0.11808169
0.14233679
0.10449731
-0.15047617
-0.16776022
-0.10734102
-0.11281725
-0.18094121
-0.12801273
0.10361932
0.10332301
0.15122066
-0.19128194
-0.15985359
-0.11082377
-0.11334423
-0.12824625
-0.10573883
-0.10490775
-0.20297824
-0.14928824
-0.14665368
-0.14678605
-0.12737809
-0.11625212
-0.21316318
-0.13011485
-0.12699179
-0.24310309
-0.14909382
-0.10460159
-0.13252968
0.1850183
0.13640028
-0.10633665
0.1630834
0.1489765
0.11994595
0.12893845
0.13418855
0.14591362
0.12390782
0.19496702
0.23588337
0.24070202
0.17180319
0.13141617
0.12392479
0.1121481
0.16571613
0.11449166
0.17936243
0.18666416
0.15826488
0.12898323
0.22808063
0.1184424
0.11070114
0.12895782
0.12377053
0.13484867
0.15018333
0.12625568
0.19503637
0.16644256
0.12103692
0.14570066
0.22457175
0.20157774
-0.11083359
-0.13096818
0.10590601
0.150538
0.19688661
0.1110667
0.11270935
0.15120277
-0.14136836
-0.13476373
-0.19431464
-0.17485078
-0.19447944
0.11711035
0.20719136
0.18214484
0.17498115
0.12770531
-0.18212718
-0.17518561
-0.27693984
-0.23918845
-0.1802876
-0.26735517
-0.11904792
-0.1352638
-0.31437588
-0.18570319
0.1378092
0.14803979
-0.10501619
-0.18926109
-0.17330393
-0.19591986
-0.15549605
-0.12078034
-0.23685896
-0.2539781
-0.11269723
-0.12530111
-0.11000755
-0.12746686
-0.1715063
0.12041871
0.11781258
0.14887129
-0.10610185
-0.18428434
-0.16145591
-0.15125775
-0.1811264
-0.2302615
-0.21072209
-0.11651518
-0.14817429
0.1180102
0.13879998
0.14759353
0.17702693
-0.19795203
-0.29054859
-0.21631694
-0.20243542
-0.17155352
-0.12110662
-0.13381937
-0.10793612
0.22250858
0.22292235
0.1366466
-0.24668464
-0.2216292
-0.13100575
0.11198157
0.19176315
0.13097821
0.24169756
-0.12517771
-0.15312181
-0.25142166
-0.19727807
0.12769566
0.19825996
0.21625949
0.11554422
0.17219001
0.21782634
0.22395658
0.18874253
0.27207419
0.3552337
0.10552245
-0.13317195
-0.1995047
-0.12825315
0.10724884
0.11687402
0.14661044
0.1261379
0.11775178
0.12311456
0.30494621
0.14389682
-0.17832395
-0.18002363
0.11099831
0.14443247
0.14221351
-0.11465946
-0.11253247
0.19632898
0.15459774
-0.14919575
-0.14187969
-0.22130111
0.13738316
0.10989939
0.11881237
0.13063486
-0.12745148
-0.11265793
0.14688219
-0.18564054
-0.20484763
-0.28391728
0.11024339
0.11546285
-0.1289454
-0.11755276
-0.15297148
-0.25840548
-0.14841326
-0.13666743
-0.1685403
-0.1630502
-0.11272805
-0.14323436
-0.19319658
-0.16748454
-0.14598849
-0.11425699
-0.16513211
-0.13740672
-0.14153691
-0.14691061
-0.20998341
-0.1741605
-0.11951335
-0.18130936
-0.18235557
-0.12249611
-0.10555806
0.11956166
0.12753567
-0.27119604
-0.10621969
0.16754569
-0.14987828
-0.1248566
-0.11671012
-0.13851948
-0.12093714
0.10950969
0.11411368
0.14094327
0.13694875
0.13413759
-0.10526423
-0.2425068
-0.14778927
0.1031616
0.15643384
0.11947133
0.13181721
0.12113339
0.12711184
-0.11120196
0.18758607
0.14115557
0.16687876
0.1719684
0.2660341
0.30220768
0.10546641
0.18067661
0.12329771
0.10401272
-0.11855268
-0.10458605
-0.17597583
-0.2339084
-0.14471216
-0.18201259
-0.12585337
-0.10725559
-0.10449498
-0.15069263
-0.11529563
-0.12228844
-0.12275021
-0.12387323
-0.18761595
-0.10849222
0.10647698
0.21422878
0.15695404
0.13663565
0.13266084
0.15681943
0.11981182
0.10609148
0.11076917
0.19093034
0.10854068
0.10400299
0.22536144
0.21113998
0.27606234
0.31044143
0.26704264
0.22279677
0.25333104
0.18132392
0.12234448
-0.18569289
0.1173941
0.12404157
0.10790963
0.15550132
0.21855575
0.26645118
0.26248109
0.19941784
0.18254223
0.21734616
0.14057651
0.1296497
-0.20116864
0.11068349
0.13292316
0.15012024
0.12292535
0.12350665
0.1031228
0.12098094
0.17888765
0.12568055
0.10902912
-0.11802461
-0.1247374
-0.16729459
-0.26920339
-0.16109459
-0.15319872
0.11583458
-0.14716934
-0.22506328
-0.30760983
-0.306723
-0.21990697
-0.18067421
-0.12073261
-0.11452624
0.1318986
0.12184202
0.12105434
-0.25517896
-0.16848041
-0.16297567
-0.13809639
-0.22678898
-0.19970134
-0.20898886
-0.17296731
-0.1326444
-0.10868916
-0.12398509
-0.16797392
0.13299456
-0.23766516
-0.12124763
-0.16343798
-0.12440822
-0.14925115
-0.17276266
-0.1495122
-0.11259894
0.17648096
-0.10463483
-0.10733011
0.14040931
0.14423588
0.15776268
0.11915727
-0.17644183
-0.19158821
0.10784522
-0.15305725
-0.21933056
0.12170829
0.11471531
0.15976718
-0.13169543
-0.16629799
-0.11827759
-0.11166227
0.22842321
0.10398395
-0.15190607
-0.16321237
-0.12553117
-0.13125508
0.14897668
0.15566982
0.17738576
-0.1778264
0.14924504
0.12249114
0.14927275
-0.12258033
0.10604336
0.1089559
0.14581543
0.12802657
0.14205153
0.13983341
0.11693995
0.14401783
0.1166712
0.12735282
0.14877996
0.14135237
0.11132251
0.13249992
0.11207821
0.14506167
0.14090253
0.16908196
0.13976169
0.11739712
-0.1088558
-0.12661198
-0.14928399
-0.10582285
-0.14534497
-0.18157268
0.11084918
0.12912373
0.10459022
0.10932332
0.11518501
0.14804319
0.21602443
0.15011892
0.17368695
-0.16003534
0.18788829
0.20329627
0.19200169
0.17095409
-0.1295678
-0.1187453
0.11228266
0.12029009
0.12424701
-0.11671279
-0.11422514
-0.12312574
-0.10869489
0.10502344
0.1284782
0.1461857
-0.11342591
-0.11688966
-0.10519359
0.12335362
0.10989715
0.15083002
0.14628528
0.19691114
0.19196422
0.14485794
0.13813865
0.18470407
0.12835489
0.19290809
0.20225926
0.15227835
-0.14489476
-0.10887709
-0.15240383
-0.14987904
0.18130757
0.1259802
0.10756125
0.13478725
0.13964787
0.19801891
0.16886969
0.12035394
0.15285996
0.2213669
0.27870202
0.25022823
0.20019647
-0.11483634
-0.11473791
-0.16290177
-0.25230163
-0.19272755
-0.12142315
0.12277959
0.14161581
0.17678754
0.19718659
0.14899376
0.11812007
-0.13929945
-0.21376403
-0.11865953
-0.16421548
-0.18380512
0.15063585
0.11941142
-0.21444231
-0.17698525
-0.11869223
0.12349187
-0.11543079
-0.14019172
-0.19320098
-0.10808021
-0.20121247
-0.10778177
-0.18960296
-0.25338709
-0.28848103
-0.18009605
-0.10732679
-0.18904646
-0.22868323
-0.29880396
-0.27696592
-0.17430088
-0.10374063
-0.12318433
-0.18586133
-0.12602296
-0.14824426
-0.1373038
-0.14893781
-0.11476992
-0.18329094
-0.13084197
-0.13564998
-0.12959091
-0.25481728
-0.11281333
-0.11081732
-0.1042791
-0.21168055
-0.12012757
-0.10834417
-0.12166746
0.1156131
0.10515208
-0.16151524
-0.11620707
-0.17228149
-0.13490716
0.19216004
-0.11533475
0.12410478
0.14841594
-0.11820201
-0.13107802
0.16053233
0.17735513
0.10991663
-0.12735015
0.13104433
0.15862592
-0.15149966
0.12823814
0.15899304
0.11976406
-0.10451862
-0.16090448
-0.11763115
-0.10403425
0.10905918
0.18759432
-0.12147022
0.10925125
0.14194903
0.13118269
0.11752151
0.16198067
0.10418819
0.12549305
0.13571414
0.23838681
0.11972451
0.15238255
0.10671498
0.13551858
0.16959351
0.17843188
0.2232945
0.21819277
0.10982765
0.11812413
0.14509228
0.17628622
0.16735269
0.26777905
0.26463056
0.12910967
0.22912844
0.12672229
-0.12807478
0.11890312
0.13408498
0.11023014
0.11857279
0.1075188
0.15189494
0.15315703
0.14891091
0.16103309
0.16420209
0.13851905
0.15212214
0.14926563
0.21730697
0.20202051
0.14182569
0.12139214
0.11269768
0.14016594
0.11769675
0.10387107
-0.10998709
0.12017849
-0.11060227
-0.10614988
-0.11253242
0.10409001
-0.17045687
-0.18145154
-0.21551573
-0.11741619
-0.16117162
-0.22575982
-0.23950762
-0.21717967
-0.233633
-0.10524683
-0.23692393
-0.26871121
-0.29880136
-0.26651976
-0.16800381
-0.16144025
-0.12711462
-0.23547572
-0.218547
-0.18131986
-0.19857307
0.10699274
-0.12087548
-0.12738656
-0.19943602
-0.16809867
-0.21570711
-0.12060195
-0.15523508
-0.10984999
-0.18842763
-0.12562098
-0.1797535
-0.20756057
-0.19017865
-0.14375079
-0.10417274
-0.12573822
-0.10740391
-0.18073452
-0.20047934
-0.12672494
-0.12847532
-0.11791295
-0.1459896
-0.14681831
-0.31509012
-0.16353655
-0.27712443
-0.1586432
-0.12457725
-0.11753121
-0.11261001
-0.14359251
-0.23487467
-0.14101064
-0.18182512
-0.12627572
-0.14067626
-0.14157929
0.11473165
0.11355667
-0.12131178
0.10673437
0.11317191
0.12036271
0.14065734
0.10397794
0.10324972
0.11752235
0.13180068
0.13026747
0.10709786
0.13085328
0.13276991
0.10334623
0.16005668
0.18185355
0.15255523
0.17273839
0.22092445
0.12928662
0.11100822
0.10664231
0.10906555
0.15214476
0.12110765
0.24325959
0.14581208
0.2034848
0.16770977
0.1359037
0.13242255
0.11274098
0.1115739
0.13113126
0.15135692
0.16317233
0.16608931
0.13127586
0.12115132
0.11311673
0.1169633
0.19290307
-0.13828298
0.22855924
0.21075734
0.12856629
0.1327257
0.11595383
0.13471338
0.16462003
0.14681613
-0.12907933
-0.11475217
0.13333561
-0.18845035
-0.12388235
-0.10402906
-0.10436232
-0.13092794
-0.22655374
-0.20138691
-0.18664147
-0.17276812
-0.15717943
-0.16255738
-0.1289199
-0.14462185
-0.16687045
-0.1853727
-0.17188436
-0.15474226
-0.13050951
-0.15283599
-0.14974563
0.1484808
0.18671128
0.18028735
0.11508743
0.14637107
-0.13121836
-0.12263589
0.19894497
0.23506469
0.20914273
0.1391167
0.11966247
0.15337679
-0.10604257
-0.16114642
0.12408932
-0.11011314
-0.11761104
-0.11476924
-0.11280261
-0.17668767
-0.13449307
0.10927954
-0.10970779
-0.16877681
-0.15867937
-0.18941294
-0.13301837
-0.13797964
-0.19550675
-0.15331268
-0.13966127
0.13086706
0.1390267
0.12831971
-0.12365037
-0.1742214
-0.12423939
-0.10760659
-0.22496994
-0.16973138
-0.21454079
-0.14192034
0.13277499
0.12665428
0.11980403
0.10596325
-0.130409
-0.18446271
-0.16656134
-0.30525991
-0.12571402
0.13822734
0.14005622
-0.13244344
-0.18550605
-0.21064904
-0.24229704
-0.10860306
0.1126795
0.13505453
0.11849733
-0.11939729
-0.18416753
-0.32509294
-0.23954919
-0.21067823
-0.11663963
0.1190729
0.14305176
0.12773062
0.11702368
-0.11952395
0.10994244
0.1744871
-0.11662031
-0.21182847
-0.33632937
-0.22235596
-0.18153031
-0.12299198
0.1087276
0.13947147
-0.16324684
-0.20129217
-0.1469975
0.11299308
0.14113112
0.17215362
-0.20945512
-0.30308422
-0.23651585
-0.29881957
-0.20020492
-0.11779007
0.10734181
-0.11543428
-0.27737743
-0.2623989
-0.20070408
0.26234892
0.27520791
0.14061014
-0.22541191
-0.26044294
-0.19669695
-0.23558742
-0.31672537
-0.15598233
-0.22671442
-0.10678
0.12531984
-0.14277089
-0.14458267
-0.22409354
-0.16555786
-0.11493762
0.20765857
0.229289
0.17357668
0.10482333
-0.14581928
-0.19970994
-0.26585788
-0.20983207
-0.16088153
-0.35278133
0.13801281
0.16325966
-0.11964969
-0.12430393
-0.1305403
0.10372894
0.15856142
0.18436272
0.15419121
-0.17825846
-0.18507496
-0.1178831
-0.23936924
-0.23466694
-0.17143731
-0.2242642
0.13646127
0.15472101
0.1163353
0.1338589
0.13144006
-0.12377859
-0.16023718
-0.12163254
-0.1462595
0.11883966
0.13576926
-0.22948414
-0.11528925
0.12695584
0.1180072
0.16648799
0.14604792
-0.13869919
0.13802157
0.20783322
0.18601634
0.17125794
0.1292291
0.12677406
-0.10733499
0.18660414
0.25153461
0.22700024
0.19789124
0.14212316
-0.115127
-0.13331676
0.15719417
0.21925054
0.29116189
-0.13546886
-0.11029188
-0.13173784
0.22275689
0.19575058
-0.15462686
-0.12711072
-0.10636131
0.10728629
0.14094445
0.11847543
-0.10632342
-0.132824
0.13656162
-0.10507946
-0.17626972
0.11977207
-0.14860949
-0.26143491
-0.24193023
0.13297935
0.1176702
0.10338715
-0.11108415
0.15712212
0.17113128
0.12507798
0.19073991
-0.13160567
-0.17796832
-0.13869119
-0.12170102
-0.14407472
-0.12004719
-0.11590891
0.13175602
0.18526311
0.25649065
0.12993576
0.12009332
0.13433284
0.15736133
0.13050781
0.16692419
0.11787961
-0.18236053
-0.20172302
-0.15792966
-0.2127699
0.12911923
0.11015811
0.11038399
-0.10967851
-0.15012507
-0.13497268
-0.16631758
-0.14645991
-0.15741432
0.16923368
0.1654425
0.12630245
-0.12818259
-0.12172896
0.1220703
0.17960873
0.11207432
0.10593105
0.11066978
0.13966374
0.10395616
0.11385951
0.14282571
0.11186555
0.16053839
-0.14429134
0.18439247
0.10635377
0.11390229
0.18889675
0.12877609
0.15159178
0.10594277
0.13457169
0.10317291
0.20462719
0.16741112
0.19750813
-0.11511236
-0.14134566
0.17083845
0.17366411
0.24324481
0.14489733
0.1039442
0.12740649
-0.12379593
-0.19189401
-0.2073704
0.19281223
0.10476275
0.15603767
0.11874137
0.1152565
0.14045906
-0.14092135
-0.26441446
-0.24850616
-0.17318746
-0.20266354
-0.1568927
0.12516013
0.20419364
0.14775527
0.15259323
0.14472178
-0.14334048
-0.30217138
-0.2656962
-0.10707092
-0.10652247
0.20237808
0.12034792
0.12913698
0.12071002
-0.19328912
-0.15652096
-0.23184565
-0.11373339
-0.16038094
-0.16287145
-0.20183638
-0.1324079
0.25427637
0.10378621
-0.15366936
-0.16212647
-0.20645379
-0.15638253
-0.13459773
-0.14005038
0.14575751
0.11509988
-0.13657436
0.12137856
-0.16645747
-0.15005483
-0.20850965
-0.15314099
0.14029156
0.16522487
0.14241949
-0.13429435
-0.1470819
0.12551944
-0.10488616
-0.11925517
-0.12923284
0.10327332
0.13601014
0.22261591
0.20408554
0.10690642
-0.14348184
0.19467726
0.14573197
0.1868802
0.15800118
-0.10637604
0.12741955
0.11649045
0.1202395
0.1498792
0.1120343
0.15262996
0.12524162
-0.12321536
0.12387929
0.10985804
0.18692243
0.12669699
0.12995824
0.12202545
0.15120535
-0.10359336
0.13696583
0.14038336
0.11713567
-0.18431801
-0.11143048
-0.15396981
0.11686447
0.11226001
0.10637961
0.17281644
0.1216462
-0.1203222
0.10338531
0.16876303
0.13453755
0.11872029
0.17158024
0.10421716
0.11016265
0.15034394
0.17954738
0.2116269
0.21013585
0.28404814
0.32259101
0.17882998
0.11440578
0.12771904
0.26959926
0.27344683
0.13763872
0.11399364
0.1994049
0.30230072
0.20934266
0.13487983
0.10897959
0.11899799
0.12427493
0.19732289
0.26586425
0.15400368
0.27945608
0.22364166
0.21102633
0.20164834
0.2912986
0.20826991
0.16187848
0.1157623
0.1174551
0.13302438
0.12354431
0.11767869
0.10773067
0.10681315
0.11275511
0.11655842
0.10415304
-0.14176388
0.10881538
-0.12631762
-0.12188317
-0.10846613
-0.12363135
0.14420457
-0.10930472
-0.14386034
-0.12385171
0.10790649
0.1573665
0.12546656
0.10575467
-0.12161022
0.11664971
0.12743345
0.14691439
-0.11771036
0.11485805
0.1429459
0.12929961
0.11465838
0.15935491
0.11414697
0.1953253
0.13810685
0.1527286
0.10568117
0.21592735
0.18102768
0.12084735
0.17015009
0.17945567
0.10885718
-0.11584116
-0.15689565
0.13552751
0.10897774
-0.15769909
0.13556254
0.15571463
0.13048205
-0.1444231
-0.12862526
-0.10445204
0.21540934
-0.15648542
0.14862986
0.11279453
-0.19769613
-0.16460641
-0.14403133
-0.11309566
0.17891583
0.10917291
0.15981425
0.14184706
-0.10991358
-0.11285321
-0.1040246
0.12938653
0.11723115
-0.21283977
0.13408734
0.12113574
-0.12182574
-0.12160523
-0.16594419
0.10403847
-0.11242569
-0.10388344
-0.13135891
-0.12224781
-0.13389182
-0.10518049
0.10710543
0.13374996
-0.10435364
0.10412874
0.11029841
-0.17079154
-0.21085109
-0.11682464
0.13267009
0.12380511
0.14749283
-0.10760403
0.1502815
-0.20274512
-0.16738832
0.11816133
0.11411057
-0.15163615
-0.10990158
-0.16996062
-0.1177958
-0.13258396
-0.13819082
0.11747324
-0.1575077
-0.15057585
-0.11478758
0.12988362
-0.13975166
-0.11435949
-0.10721149
0.14385962
-0.1157184
0.12543315
0.10772663
-0.1791631
-0.21468121
-0.159826
-0.14070673
-0.11523268
-0.1213507
-0.14234282
-0.14635687
0.11208207
-0.13093095
-0.18054451
-0.18334009
-0.16528291
-0.11612582
-0.20745891
-0.21612197
-0.1292102
-0.11252833
-0.14297719
-0.14573641
-0.10750195
-0.14025778
-0.17943202
-0.17962095
-0.24788037
-0.26524448
-0.21495599
-0.12254915
-0.12581407
-0.25460905
-0.22636494
-0.13720453
-0.13823412
-0.12918264
0.11084558
0.14032856
0.10499413
-0.12334132
-0.10922023
-0.13108373
-0.12724045
-0.12528275
-0.13841195
-0.11347837
-0.11568491
-0.12294118
-0.11642439
-0.20425919
-0.19788995
-0.11885372
-0.12587017
-0.14097042
-0.11379556
-0.11182787
-0.10460101
-0.13904369
-0.14114441
-0.14577766
-0.10456114
-0.11841055
-0.18314423
-0.1569486
0.10860077
-0.1142292
-0.10765782
0.10945193
0.11471349
0.12991641
0.11857664
0.11032788
0.11928687
0.11173295
0.15287626
0.11903917
0.1071614
0.10335615
0.12875056
0.13894477
0.11631183
0.10328246
0.1521479
0.14667422
0.13844824
0.12519708
0.17552204
-0.10657274
-0.16580792
-0.11421378
-0.12029682
0.11228193
0.17694348
0.13128039
-0.14262514
-0.18834451
-0.18924117
-0.13306853
-0.13108125
-0.11965398
-0.1128208
-0.11095289
-0.16371532
0.13728084
-0.15116815
0.15011573
0.10756647
-0.10829552
-0.11323702
-0.16986334
-0.14076199
-0.12130071
-0.12230642
-0.13138928
0.13638058
-0.16057573
-0.1642518
-0.12362722
-0.12461289
0.10314066
0.15241425
0.10728253
-0.1643697
0.11632827
0.233096
0.15143456
-0.10745343
0.11873028
0.14422531
0.15105663
0.11917266
-0.10322285
0.11677491
-0.14769386
0.10454688
-0.14988208
0.12169468
0.12589848
0.13013043
-0.14252244
0.13107315
0.13826029
0.12295608
0.13067673
0.1074655
0.14960214
0.13628168
0.20289564
0.10919311
0.11850435
0.13329932
0.12933441
0.16097265
0.14750668
0.11068355
0.11643757
0.12249735
0.18135478
0.16308911
0.13638748
0.24425817
0.20362647
0.20598923
0.12617178
0.16161589
0.13884448
0.16047667
0.12709714
-0.14003688
0.10804289
0.11442742
0.16634215
0.14537951
-0.13419366
-0.16779818
-0.19960369
-0.25939676
-0.24618208
-0.21568024
-0.14782882
-0.14573503
-0.14717409
-0.11342593
-0.12622975
-0.11272526
0.10611711
0.10390949
0.17160389
0.12527411
0.25194579
0.22931333
0.17284673
0.15457232
0.10587254
-0.16905822
-0.18510671
-0.14700279
-0.1622536
-0.18810593
-0.14083904
-0.23246628
-0.13177763
-0.11143371
-0.14345309
-0.18358769
-0.159887
0.11547287
-0.20697843
-0.24440174
-0.24421585
0.12016904
-0.11078468
-0.2613692
-0.24346872
-0.11002416
0.12169584
0.14285919
0.11446828
0.15540732
0.18737568
0.11126024
-0.29138744
-0.22651507
0.11739795
0.16785005
0.10939732
-0.23623462
-0.20214982
-0.16925381
-0.17833661
-0.19855697
-0.20580003
0.11624318
-0.2408084
-0.23371291
-0.12490346
-0.10585485
-0.13462088
-0.16224284
-0.13438006
-0.11241465
-0.14152344
-0.12653966
-0.13631582
-0.13208172
-0.15109767
-0.17395996
-0.17296925
-0.20026164
-0.28108382
-0.19160937
-0.15419975
0.12358292
-0.224301
-0.25947046
-0.23558544
-0.2433107
-0.26029062
-0.28290921
-0.13414727
-0.14868677
-0.15544966
-0.10942984
-0.20609137
-0.21576323
-0.15261942
-0.21717124
-0.22851792
-0.13466407
-0.11309903
-0.12231345
-0.14331093
-0.16272065
-0.14756109
-0.10409877
0.1059556
-0.13093384
0.1125401
-0.15038298
-0.19051708
-0.11329736
0.11059918
-0.13137025
-0.13102931
0.18872058
0.11920252
0.13085504
-0.11214892
0.18903962
0.23733357
0.1061907
-0.10973505
0.13674241
0.13911115
0.12933503
-0.1146689
0.1727542
0.11941808
0.13203491
-0.10524449
0.11904734
0.10519298
-0.10368725
-0.11044979
-0.18016368
-0.1095872
0.10418348
-0.16138887
-0.11963557
-0.16816302
-0.1887532
-0.12824045
-0.14072491
-0.15968573
-0.21698318
0.18067092
0.10862693
0.10540534
0.12343007
-0.15439898
-0.23011151
-0.27091581
-0.26235965
-0.22087188
-0.16101383
-0.12888665
-0.12408925
-0.14741394
0.15873119
0.26286432
0.18000942
0.14850861
0.21469867
-0.14533946
-0.11686354
-0.13791135
-0.14599538
0.10624423
0.15437159
0.18708351
0.18968812
0.2286575
0.22408924
0.17351608
0.13923608
0.12433384
0.14201063
0.10543569
-0.15299039
-0.12824276
-0.11268244
-0.14598083
0.14856145
0.17940746
0.10604684
-0.16299227
-0.22992246
-0.13304265
-0.16685276
-0.21900773
-0.24485429
-0.20057738
-0.16650014
0.14683865
0.15999894
0.12645534
0.15931736
0.21593684
0.13471504
0.14736019
-0.10504594
-0.20592672
-0.26267377
-0.23752499
-0.13505973
-0.10542558
0.13708575
0.15496901
0.12505156
0.18184564
0.15330005
-0.13528581
0.1987033
0.1578705
-0.13436313
-0.14204036
-0.25498074
-0.18471901
0.1707443
0.16593602
0.19389465
0.10827664
-0.14989243
-0.15472594
-0.21366891
-0.19262527
0.11032905
0.11259412
0.11693445
-0.14577706
0.12842833
-0.12549566
-0.15518916
-0.16245189
0.10337161
-0.14218403
0.17052978
-0.12606512
-0.2232632
-0.11161771
-0.15825781
0.12527992
-0.19262353
-0.25458062
0.10955702
-0.12034646
-0.14602512
-0.10577355
-0.15108015
-0.18187775
-0.25108448
-0.1041822
-0.165977
-0.12706907
-0.13654564
-0.11141614
-0.12464327
-0.14541884
-0.14362989
-0.12933421
0.12821464
-0.12386969
-0.14744912
-0.111476
-0.13548425
-0.13599041
-0.11695023
-0.17733514
-0.22663409
-0.13324064
-0.11177532
-0.13396952
-0.1601669
0.12252964
-0.11339791
0.10835408
-0.12296354
-0.13558654
-0.14265153
-0.1464037
-0.10949169
0.120111
0.1214847
0.11026528
0.10788686
0.11441449
-0.14601165
-0.10375703
0.10703804
0.14940706
-0.21077605
0.12515581
-0.1607143
-0.11156267
-0.12688072
-0.14361106
-0.19359051
-0.13487041
-0.10574494
0.10451249
-0.12614073
-0.15901797
-0.17173997
-0.13202415
-0.12509309
-0.11953435
-0.15835808
-0.14229393
-0.12959638
-0.19016705
-0.19501473
-0.2502273
-0.14331055
-0.11242474
-0.13066041
0.11371408
-0.11308285
-0.18718348
-0.19818933
-0.21341009
-0.13741103
-0.14866903
-0.17897803
-0.11660247
0.10739912
-0.12166671
-0.19798802
-0.11585525
-0.1593
-0.1357419
0.11885083
-0.13353767
0.10868344
-0.12904499
-0.18375659
0.11587083
0.14608359
0.11915325
0.12606113
0.13122042
-0.15081891
-0.15006989
0.10993525
-0.11714788
-0.18651178
-0.10392481
-0.13351993
-0.1787816
-0.15640318
-0.19695576
-0.12073026
-0.18766356
-0.18591678
-0.17179123
-0.11201215
-0.19908929
-0.17912735
-0.1066264
-0.18962561
-0.17881434
-0.26885691
-0.27924481
-0.13454995
-0.11357781
-0.18749663
-0.12541786
-0.19014159
-0.19532357
-0.14548352
-0.11619421
-0.13350962
-0.104701
-0.12199765
-0.1175703
-0.11688318
-0.18458194
-0.15530325
-0.12293442
-0.12229958
-0.23394504
-0.23227264
-0.15537126
-0.15428598
-0.15057448
-0.17855196
0.13947475
-0.10849913
-0.15807711
-0.20406747
-0.16848341
-0.12062335
-0.21784975
-0.18678348
-0.1322089
-0.15226474
-0.1803714
0.15966119
-0.1673955
-0.23370612
-0.17056075
-0.12924007
-0.12856546
-0.11004449
-0.1391246
-0.12450399
-0.13616182
0.12715422
0.11428132
0.11371326
0.14657208
0.13174602
0.16618098
0.12306428
-0.10466665
0.12134724
0.19903269
0.13451654
-0.10502393
0.11696564
-0.177729
-0.11055246
-0.1350558
0.14547417
0.13364598
-0.18094794
0.11274724
0.1209723
-0.11021003
-0.13089947
-0.11137592
-0.19346142
0.12787642
-0.15213272
-0.11904887
0.13120043
-0.16908041
-0.10669114
-0.1052681
-0.11662228
0.11848591
-0.12415836
-0.14217705
-0.22166458
0.11207972
0.15256804
-0.10961719
-0.10543939
-0.12662835
-0.11247921
-0.16292891
-0.12129865
-0.110432
-0.18966633
-0.21634492
-0.10598806
0.15722649
-0.15461567
-0.24655661
-0.30169863
-0.19986911
-0.18433519
-0.22560968
-0.2484818
-0.26443887
-0.12806337
-0.10473858
-0.13796858
-0.16347556
-0.10799976
-0.17223932
-0.22197197
-0.17652352
-0.10868875
-0.11704294
-0.13480732
-0.15253644
-0.14897253
-0.16239619
-0.11362077
-0.15372242
-0.1778513
-0.14328304
0.15582669
0.14639309
-0.15401234
0.11454269
0.17387763
0.15766534
0.14996876
0.15745579
0.22056575
0.29128039
0.17878579
0.1098088
0.10976873
0.22649145
0.11405607
0.12557125
0.13853742
0.17008305
0.11144432
0.11679383
0.1182759
0.30475825
0.19233473
0.31805936
0.38117146
0.22815886
0.17058866
0.10490378
0.11940615
0.19380997
0.17483126
-0.14070526
-0.19912149
-0.12383317
0.14620267
0.25167546
0.28570458
0.20159627
0.18244684
0.12821698
0.14149101
0.18511501
0.20322464
0.22593839
0.23598507
0.2267011
0.12463332
0.11289033
-0.10655323
0.14799252
0.17611597
0.149042
0.15688352
0.13857527
0.18866347
0.1330035
0.13838482
0.16666964
0.12439754
-0.10389104
-0.12249199
0.11535233
-0.12761503
0.11882991
-0.11211714
-0.13435826
-0.14822344
0.10354912
-0.10933143
-0.12451123
-0.18379191
-0.16836499
0.15380616
0.11530248
-0.16403741
-0.16804996
-0.11137009
-0.1147715
-0.17126229
0.127077
-0.13506745
0.10716707
-0.12648556
-0.10485149
-0.11102898
0.12589875
-0.12790355
-0.11566571
-0.10599774
-0.14152044
-0.14951006
-0.12061424
0.12087569
-0.15028091
-0.12119217
-0.14962606
-0.16450331
-0.19780292
-0.14113729
-0.12769543
-0.10915134
-0.11198513
-0.18527825
-0.1242545
-0.12277471
-0.14066046
0.16291592
0.12221862
0.13488829
0.16228546
0.12068826
-0.15684184
-0.18333717
0.16370012
0.11506985
0.1424173
0.16786282
0.11936233
0.18754534
0.21209601
0.17762434
0.1199492
0.10359217
-0.20428893
0.1480159
0.30249444
0.11675102
0.16998865
0.13262965
0.20936559
0.28912365
0.23568352
0.20009735
-0.11251115
-0.12015712
0.17919248
0.32281202
0.12875508
0.1314979
0.15920064
0.2673378
0.17037621
0.17304784
0.13512538
0.15173914
0.15440777
0.12149995
0.18425763
0.1178245
0.11320905
0.11595868
0.12208702
0.12531121
0.14774172
0.13274342
0.11464667
-0.11348962
-0.1435082
-0.11185871
-0.10714313
0.10965418
0.11450356
-0.15841924
-0.21283951
-0.12860404
0.12914538
0.11022443
0.15911135
0.1157713
0.18124294
0.11627383
0.1117584
0.11193957
0.19032818
0.18580095
0.22461915
0.18094534
0.14888225
0.15930454
-0.13985825
-0.1071812
-0.16271272
-0.15736458
-0.183716
-0.1514736
-0.12496702
-0.11631568
0.11537673
0.11024762
-0.15659194
-0.18639596
-0.11917476
-0.10618152
-0.13484317
0.10627757
0.1291157
0.12656742
-0.15097405
-0.15858927
-0.11702748
0.14831591
0.13199848
-0.10599869
-0.10645293
-0.13967274
-0.18100417
-0.10906285
-0.14270009
0.18145429
-0.11430499
-0.15555266
-0.13319695
-0.1451882
-0.20560783
-0.19225457
-0.16529086
-0.14300583
-0.14379226
-0.15003873
-0.10936194
-0.123239
-0.11816991
-0.14321952
-0.20388848
-0.25028536
-0.1516798
-0.17341092
-0.2251592
-0.18510114
-0.15482427
-0.14667895
0.11833559
-0.15178159
-0.12759303
-0.1930982
-0.23429285
-0.24173373
-0.1558314
-0.11311394
-0.18808685
-0.18082854
-0.19133736
-0.1499462
0.13322458
-0.12936349
-0.17481177
-0.14191924
-0.17145675
-0.15717223
-0.28833762
-0.21094351
-0.16269241
-0.10877185
-0.17058498
-0.13632962
-0.11128978
0.14279571
0.1521624
0.1262124
-0.11342386
-0.14025292
-0.15048704
-0.11142585
-0.17127913
-0.26786554
-0.14491878
-0.14125463
-0.20187786
0.14418103
0.12586644
-0.16337897
-0.15427867
-0.11680824
-0.20382114
-0.12562875
-0.12089787
-0.17611827
0.11375844
0.11859019
0.12783729
0.10807012
-0.20387553
-0.16931926
-0.11881211
-0.14416893
-0.19363555
0.12633991
0.11688349
-0.19088006
0.13322417
-0.1048553
0.12780371
0.18761341
0.10710344
0.12850301
-0.23870072
0.11079767
0.1324974
0.1426734
0.10474385
-0.11974934
-0.16797914
-0.14853942
-0.19550486
-0.15320283
-0.11085475
-0.10627042
-0.11854769
0.12213876
0.13423492
0.10907491
0.10872498
0.11862008
-0.10831632
-0.15640126
-0.11907458
0.11991359
0.11565386
0.14071205
0.16314434
0.1550663
0.17259105
0.26624128
0.22155684
0.16918613
0.16468401
0.12088634
0.18757842
0.20373206
0.1854326
0.13023268
-0.15600756
0.15879118
0.14582291
0.13649791
0.14658341
-0.12914722
-0.16675234
-0.10929042
-0.10806256
-0.17619848
-0.24977036
-0.26312745
-0.19777921
-0.20124424
-0.18464664
-0.17114086
-0.15088989
-0.1057378
-0.11766089
-0.16093226
-0.13860291
-0.23606463
-0.15533678
-0.25616235
-0.12282899
-0.12813383
-0.10632759
0.13536225
0.13051808
0.13541335
0.15960734
0.18852796
0.14468037
0.12813328
-0.13984051
-0.10372689
0.10992028
-0.11581187
-0.11442477
0.11483195
0.19658038
0.188931
-0.12702164
-0.13494396
-0.10557598
-0.11025821
0.12000473
0.13313495
-0.17116822
-0.12006996
-0.14540555
0.1032411
-0.17272907
-0.13014413
0.11094081
0.13007544
0.10740382
-0.17080162
-0.15561818
0.17533781
0.13942519
-0.11967295
-0.13179959
0.12341154
0.15079442
-0.16527151
-0.16522647
-0.14663759
-0.11264917
0.1609579
0.21068785
-0.14129989
-0.13265954
-0.13216627
-0.1130863
0.14308347
-0.11017098
-0.11661719
-0.17458461
-0.13124545
0.13895413
-0.10934893
-0.1550083
-0.13542679
-0.1164287
0.12321763
-0.22944565
-0.13450609
0.11184024
-0.23389694
-0.11547954
-0.17686334
-0.30097222
-0.17486747
-0.23986578
-0.20036729
-0.18660161
-0.20104195
-0.10810223
-0.11894923
-0.14575964
-0.11365286
0.10923887
-0.10438184
-0.11391105
-0.12322548
-0.10982738
0.20479551
0.11147449
0.12617762
-0.1242828
0.11150388
0.15861371
0.15567943
0.10555026
0.12718047
0.12085634
-0.18802908
-0.11295498
-0.14453672
0.19316728
0.17132676
0.16358699
0.11914862
0.13404949
0.11014247
-0.13281968
-0.12607898
-0.11841843
-0.11683011
-0.13440205
-0.18156721
-0.14194308
0.1045454
0.12125094
0.10595015
0.13070345
0.11383717
0.16972175
0.14790618
0.13382038
0.12388819
0.11300543
0.13662271
0.13708988
0.11410858
0.12376645
0.11523926
0.1455119
0.13823159
0.1848304
0.12584372
0.22117928
0.15520181
0.12266728
0.11566674
0.12768902
0.15098073
0.11641145
0.1177936
0.1186785
0.15481271
0.17484431
0.12847786
0.16245618
0.10937221
0.1191309
0.11642227
0.16098982
-0.13184303
0.11921114
0.1349078
0.1240231
0.11011578
-0.15251084
0.14284121
-0.1243015
-0.17908305
-0.13567974
-0.17056997
-0.10356233
-0.14942479
-0.11745659
-0.13517255
-0.10623296
-0.17390159
-0.16995513
-0.10456485
-0.14339282
-0.20486006
-0.17750125
-0.12397961
-0.10765284
-0.16918017
-0.22777669
-0.22795357
-0.13403215
-0.13536559
-0.11464624
-0.20109648
-0.11297944
-0.13277626
-0.15734729
-0.14515661
-0.12388469
-0.13970377
-0.25975558
-0.1709469
-0.11031681
-0.10779385
-0.11202164
-0.2101372
-0.20503493
-0.10678771
-0.17422195
-0.14264317
-0.14811818
0.12318804
-0.11758703
-0.11479198
-0.15862893
-0.11655704
0.11566833
0.16535692
0.10905979
-0.1220391
-0.12505403
-0.11870072
0.18600592
0.13850327
0.11095085
0.13951966
0.16003978
0.12963751
-0.10480702
0.11468752
0.15084262
0.17073748
0.21137542
0.16592674
0.13645254
0.10539257
0.11598289
0.15708287
0.1293783
0.22298011
0.23464882
0.1569524
0.10905194
0.13560407
0.11018984
0.1306227
0.11412012
0.11885327
0.14310886
-0.14972818
-0.22660424
-0.17348123
-0.13453256
0.16342565
0.23526426
0.28810757
0.20297691
0.13941965
0.15266904
0.14279974
0.12128077
0.19951265
0.19721909
0.13363855
0.11647905
0.13028237
0.10548753
0.14938132
0.1633825
0.16444929
0.10871842
0.18051358
0.11497415
0.14065671
0.13732877
0.10976436
0.16806768
0.11757992
0.10957244
0.11506484
0.11501873
0.10733611
0.17992957
0.11492325
0.13029268
0.13350382
0.17233759
0.21406019
-0.10598256
0.10399608
0.14071231
0.11798853
0.12671517
0.1237584
0.11326141
0.17230035
-0.12757654
0.16523287
0.15102293
0.15047388
0.10337804
0.12469625
0.14726311
0.11669923
0.11381301
0.12933476
0.19231467
0.1182068
0.11146574
-0.18772139
0.16608107
0.15605037
0.14779645
0.1173898
0.16459037
0.12344778
0.14668509
-0.14649247
-0.11567181
0.12916332
0.13841671
0.14278311
0.13021761
-0.15051541
-0.14093819
0.10808831
0.13757369
0.15240261
0.15624939
0.12717713
0.10609228
-0.10941806
-0.12948407
-0.11151028
-0.1252299
-0.12337805
-0.11885148
-0.13187921
-0.17000233
-0.17757052
-0.12537128
-0.11864694
-0.11349932
-0.17890224
-0.1291419
-0.11648644
-0.11595271
-0.17978559
-0.139007
-0.15319487
-0.13091742
-0.12182271
-0.15842821
-0.17811836
-0.17980133
-0.22779499
-0.16238771
-0.1064659
-0.1426484
0.1201563
0.11295522
-0.11488128
-0.17572875
-0.2432998
-0.24645656
-0.11960617
-0.16651836
-0.11409336
0.12543972
0.11427967
0.11303635
-0.11765838
-0.12168279
-0.12733914
-0.20768842
-0.12112185
0.13008499
0.11447939
0.10711456
-0.10337935
0.11109689
0.11819098
-0.11973733
-0.13957274
-0.11063834
-0.11180161
-0.11750448
-0.13018449
-0.13294037
-0.1430046
-0.10889177
-0.20926036
0.10469542
-0.22359735
-0.13372484
-0.18012935
0.10485671
0.12259027
0.12981656
0.11151617
-0.11902387
0.12157604
0.11095923
0.15878734
0.10974373
0.12659195
-0.16294354
-0.11790642
0.12194432
-0.19729283
-0.1236821
-0.13940206
-0.15966517
-0.10647669
-0.12562886
0.11786599
-0.10686114
0.12752914
0.14216912
0.11659954
0.11321035
0.13409409
0.11971442
-0.1201022
0.1032409
0.10501411
-0.10716955
0.14732052
0.20162839
0.23230715
0.18663856
0.1642558
0.15753315
-0.16049841
-0.10532723
-0.20150347
0.10802911
0.16013694
0.11142431
-0.16759503
0.16965753
0.14839093
0.208253
0.13480656
0.14805904
-0.21311818
-0.2024713
-0.12571472
-0.10656365
0.12519747
-0.21141528
-0.20640123
-0.14866048
0.10868011
0.12663157
0.12901911
0.13471973
-0.13190074
-0.16826653
0.10660468
0.12506387
0.11372288
0.1268304
-0.17465349
-0.18327673
-0.13530658
-0.1521409
0.14336576
0.15974082
-0.14119491
-0.16146892
-0.1346264
-0.12621817
-0.13357443
-0.24610578
-0.23454458
-0.14870515
0.11290351
0.15448122
0.17141901
-0.15277369
-0.10509664
-0.14051408
-0.16247293
-0.2168951
-0.22844559
0.15863715
0.11277237
-0.17987947
-0.10640091
-0.16816962
-0.11279864
-0.10908577
-0.11312727
-0.19543523
-0.13930313
-0.12486318
-0.18090574
-0.14093679
-0.19037087
-0.14236611
-0.10673498
-0.10651629
-0.16339689
-0.15053347
-0.10864205
-0.10995838
-0.10473824
-0.17050631
-0.11510057
-0.10961071
-0.10780442
-0.10873905
-0.14061752
-0.11632224
-0.13192616
-0.1117748
-0.1286056
-0.10638475
-0.13447881
-0.18250436
0.14752938
-0.10875607
-0.12730299
-0.11073572
0.11863146
-0.22215286
-0.16992876
0.20249178
-0.10590537
-0.12226665
0.12503022
-0.10661694
-0.10924368
0.15765245
0.26504645
0.28851083
0.19583033
0.11955144
0.18963665
0.15042642
0.10476996
0.1118179
0.13086802
0.18495721
0.18143307
-0.1248311
-0.16693221
-0.1123121
-0.12366374
-0.12909429
-0.10378184
-0.10893486
0.13214792
0.10984822
-0.10547722
-0.12067053
-0.15577891
-0.12333135
0.10324484
0.11082072
-0.17787211
-0.22409466
0.15704589
0.10566761
0.13188009
-0.13858214
-0.2478433
-0.22181964
-0.12104141
0.13269098
-0.17359611
-0.36140364
-0.2758534
-0.16428626
0.17978464
0.12793069
-0.10946301
-0.23041561
-0.28938693
-0.11360968
0.11663914
0.20434077
-0.15041825
-0.14370613
-0.16507566
-0.16980812
0.11281254
0.13951306
0.12377531
0.13725464
-0.13645478
-0.30226564
-0.11003596
0.16572645
-0.11727677
-0.13821243
-0.17968607
-0.1684553
0.12019134
0.13480365
0.17147273
0.12615933
0.15368465
-0.14412344
-0.22527574
-0.16026258
-0.11083049
0.18263058
0.10924453
0.10789993
-0.26603782
-0.14561953
0.1250899
-0.10391422
-0.18630162
-0.26443741
-0.19083376
-0.10327895
-0.16296752
0.12232174
0.12841932
-0.11624181
-0.1055515
-0.22951251
-0.1203241
-0.15309131
-0.1703724
-0.13744007
-0.12479179
0.13373442
0.1537753
-0.14945835
-0.11374083
0.10913318
-0.11692731
-0.14700124
-0.16890407
-0.19829838
0.15389875
-0.11691003
-0.19336005
-0.13241711
-0.11314357
-0.16361766
-0.16598243
-0.15750733
0.10325138
-0.11814322
-0.1269307
0.13831607
-0.12937665
-0.12762761
-0.12009064
-0.15340592
-0.22913635
-0.16536714
-0.11197252
-0.20728488
-0.19038112
-0.29132333
-0.19293083
-0.22063261
-0.21658872
-0.27009064
-0.28331819
-0.15871339
-0.13889422
-0.24280648
-0.1127279
-0.11951113
-0.12986282
-0.11128309
-0.17092656
-0.13775674
-0.13894778
-0.14980476
-0.12011708
0.16529851
0.11520313
0.16564953
-0.11372701
-0.10835568
-0.22305319
-0.17049564
-0.1381876
0.18474545
0.13962379
0.14994504
0.12076207
-0.14148751
-0.13219072
-0.11201358
0.11054382
0.16290936
0.14234369
0.11289148
-0.13696942
0.12081566
0.1750121
0.16818456
0.24552162
0.21284948
0.16960457
0.12496776
0.12627062
0.14633122
0.21781023
0.27573866
0.1554357
0.11849084
0.24821699
0.16715364
0.25558281
0.26214024
0.21904711
0.16818704
0.21176377
0.11429375
-0.1252335
-0.12582913
0.17104131
0.15329896
0.1485796
0.14868079
0.13952303
0.10793374
0.11372856
0.15398942
0.19863653
0.20965055
0.15566069
0.11180042
0.14343232
0.13227823
0.11042365
0.15893294
0.20570014
0.17935233
0.15028436
0.11510954
0.22939029
0.20914036
0.16962507
0.17876659
0.25423741
0.27384233
0.16828106
0.18691143
0.1740299
0.1720839
0.18543677
0.13285735
0.12901771
0.1434657
0.15800709
0.11888777
0.13122925
0.13072486
0.21007641
0.16614591
0.16526806
0.15837771
0.10795795
-0.11992168
-0.2177774
-0.13103542
0.11149467
-0.1439703
-0.13842601
-0.12841368
0.1361946
-0.12676656
-0.17574434
-0.12575282
0.11036877
0.11715609
-0.12854978
-0.13736895
-0.11540372
-0.24116446
-0.25102159
-0.1299423
-0.19946888
-0.11239685
0.1147512
-0.12027967
-0.21758266
-0.21208058
-0.14008433
-0.12770812
-0.24567239
-0.17399804
-0.14761022
-0.12270433
0.14550807
-0.21382387
-0.16399243
0.11263262
-0.15098277
0.11006588
-0.12926438
-0.11836243
0.10374381
0.14516979
-0.14643174
-0.13858658
0.12140281
0.11218986
0.19663173
-0.20388919
-0.1245256
0.12560381
0.10957351
0.17358986
0.11776683
-0.10557556
-0.13156776
0.17258292
0.11737747
0.13629425
0.17555942
0.11399199
0.1305549
0.13959889
0.11136621
0.1440424
0.14389975
0.1500674
-0.10466868
0.15159705
0.1277215
-0.12674733
0.10819495
0.10584665
0.13996154
-0.14508499
-0.10616037
-0.13507654
-0.10658856
-0.19210431
-0.14167362
-0.15382469
0.10672193
-0.1164951
-0.17502166
-0.13404514
-0.14230081
-0.14683351
0.13893104
0.1196883
0.12587167
0.13373351
-0.10724526
-0.1228881
0.12899613
0.1344813
0.13133746
-0.11842842
-0.13937196
-0.12152242
-0.11968105
-0.11354394
-0.10340679
-0.14050177
-0.11386039
-0.1037896
-0.15351042
-0.11014549
-0.12103219
-0.1164232
-0.14217757
-0.24629514
-0.12682974
0.13480169
-0.10901597
0.16632369
0.19369252
0.19430682
0.12311732
0.16370867
0.14597589
0.1255555
0.238766
0.14352776
0.19011018
0.12866442
0.12364136
0.11555785
0.1729378
0.14151949
0.12968858
0.12481532
0.18138683
-0.11838937
-0.16974869
-0.12049034
-0.13652338
-0.15822203
-0.13207282
-0.1040856
-0.20058084
-0.16631119
-0.23941161
-0.17021708
-0.10389039
-0.19889143
-0.12652248
-0.13831834
0.14104538
0.10454975
0.12669562
-0.163133
-0.11368853
-0.10775392
0.1487274
0.16723122
0.17739853
-0.12014823
-0.11881945
-0.1678969
-0.12270164
-0.10868596
-0.12950686
-0.1119667
-0.10762198
-0.10744981
-0.11135408
-0.10738923
0.17077947
0.15577067
0.12020402
-0.12039433
0.11596844
0.1470847
0.17771731
0.13639732
0.18217209
0.12823491
0.13134983
0.14105147
0.11820649
0.1060845
0.13056618
0.15004987
0.12799726
0.1040731
-0.11592029
0.12522173
0.1191595
0.11197037
0.19183366
0.14129609
-0.11699922
0.15805301
-0.14410536
0.13297142
0.1056322
-0.12479337
0.11850238
0.16619712
0.10640446
0.11332198
0.13024202
0.10494312
-0.17249084
-0.14937916
0.1478004
0.16071269
0.17255293
0.12308747
0.10366551
-0.14346361
-0.131694
0.15602331
0.11840408
0.10558407
0.15288359
0.13092043
-0.12785499
-0.13394631
-0.18687718
0.13937385
0.11541636
0.15667996
0.16067225
-0.152288
-0.11491751
0.10797726
0.147218
-0.17644419
-0.12796202
-0.15477394
-0.10879167
-0.21626267
-0.22746454
-0.10606521
0.11751983
-0.15678652
-0.17552423
-0.14110659
-0.12860042
-0.11437945
-0.11886207
-0.1266267
-0.17845498
-0.16550231
-0.14329617
-0.10851003
-0.10317691
-0.13559063
-0.10763225
-0.16305161
-0.11051805
-0.13227071
-0.1442509
-0.12148087
-0.13930991
-0.11217749
-0.10582935
-0.16942345
-0.13880317
-0.11225188
-0.1251509
-0.1299859
-0.13308421
-0.18678507
-0.15102801
-0.11675002
-0.14887474
-0.1307642
-0.16096972
0.13597897
-0.11594988
-0.11412369
-0.12108886
-0.1070056
-0.15248033
-0.12590206
-0.10610272
-0.13344693
-0.12594302
-0.13673635
-0.10748586
-0.15025169
-0.1061401
-0.10646494
-0.16408722
-0.14888801
-0.10422122
-0.10695985
-0.10794231
-0.13437973
-0.12225363
-0.14104512
-0.14315842
0.15633592
0.12650689
0.1575211
0.12212344
-0.10338428
-0.13600007
-0.15627715
-0.16856007
-0.22912915
-0.19334933
-0.13742763
-0.14934489
-0.20507169
0.13021128
-0.12082862
-0.17409022
-0.13827939
-0.14578579
-0.29641211
-0.12508489
0.10789622
0.12918337
-0.14043435
-0.1152401
-0.16994844
-0.17602706
-0.13635559
-0.15626839
-0.13442002
-0.15706925
-0.11373135
-0.20745553
-0.22003299
-0.12292457
0.14071681
0.20236295
0.10659542
-0.11635225
-0.15639676
-0.17107138
0.1337373
0.11467532
0.19437459
0.15059419
0.11510962
0.11835834
0.11735457
0.14160284
0.1239406
-0.15629871
-0.14861546
0.11154635
0.12514348
0.14782928
0.23078193
0.19938244
0.12909995
0.13929267
0.19400989
0.19764526
0.16350837
-0.11849914
0.14078258
0.13357531
0.16586068
0.11507187
0.19055027
0.20767325
0.2476774
0.19389594
0.10530715
0.19842374
0.12659539
0.26294544
0.16278918
0.11946497
0.11694488
0.20040348
0.18503509
0.17025371
0.17209882
0.11080716
0.15710971
0.25943941
0.23062275
0.14318641
0.22034515
0.16604382
0.14427771
-0.17994541
0.11997393
0.14596851
0.15776086
0.1864146
0.17658643
0.13318147
0.13366218
0.16054501
0.21743272
-0.1554694
0.14088179
0.23748671
0.15457557
0.20188008
0.15381123
0.10457363
0.11014992
0.21612908
0.16425948
-0.13203695
0.13486554
-0.11856215
0.18940303
0.21913336
0.22260946
0.18590635
0.17011896
0.12893865
0.15704243
0.10475952
-0.10336156
-0.14739302
-0.1327385
-0.12323575
0.12188696
0.11162484
0.20339923
0.22125156
0.17441103
0.13331987
0.10403869
-0.10996664
-0.14230505
-0.13712074
-0.11790769
-0.12986115
-0.15437421
0.11159069
0.1065947
-0.12674046
-0.13528842
-0.14947562
-0.19774425
-0.12179763
-0.14806947
-0.10874233
-0.12412649
-0.16257043
-0.16193144
-0.12662166
-0.12894981
-0.2087293
-0.18068336
-0.20615001
-0.21906249
-0.21034232
-0.29500353
-0.21321878
-0.18993136
-0.12496013
-0.13012801
-0.17410426
-0.25114608
-0.23261391
-0.32933161
-0.27873239
-0.2255381
-0.26652676
-0.16697693
-0.16876639
-0.12177541
-0.11490078
-0.22560233
-0.12488397
-0.16918594
-0.18922992
-0.19513562
-0.2290049
-0.18857031
-0.18790495
-0.14776669
-0.16665949
-0.12369956
-0.21454611
-0.1590932
-0.1132159
-0.18515489
-0.11186714
-0.15626501
-0.10362468
0.16158363
0.16449721
0.20839235
0.1539041
0.16339417
0.13930549
0.17035611
0.12779778
-0.17582153
-0.11892657
0.16583137
0.16768825
0.13874398
0.13367864
0.10681771
0.11629294
0.1334859
-0.14716443
-0.10710367
-0.14442153
-0.15823735
-0.12875576
-0.12391647
0.13259439
-0.15940776
-0.12513147
-0.16619834
0.1181417
0.113096
0.20688099
-0.11732894
-0.13560162
-0.13260233
0.10691401
0.13937266
0.10610739
0.12378757
0.19532646
0.14945079
0.12793054
0.11755209
-0.1304888
-0.11689798
0.16618174
0.22041669
0.14756475
-0.15507706
-0.11081237
0.11773467
0.11006483
0.14604896
0.13934083
0.11842168
0.11409217
-0.10572658
0.19911669
0.10719565
0.14161217
0.22874334
0.19760209
0.27785334
-0.11708691
0.1453221
0.11234175
0.13898259
-0.15820687
-0.14391641
-0.13918717
0.10387903
-0.12152238
-0.18234912
-0.17856918
-0.17730856
-0.14992866
-0.16802025
-0.10801581
-0.14516361
-0.25981653
-0.1984625
-0.19165541
-0.14850459
-0.12109634
-0.39050749
-0.39308417
-0.313463
-0.17857677
-0.14396036
-0.13704014
-0.35013759
-0.41629332
-0.23016317
-0.12924284
0.16752234
-0.12623951
0.13124436
-0.18057571
-0.36611924
-0.38296363
-0.2950387
-0.17487293
-0.15053031
-0.20334058
0.16029073
0.12670724
-0.23693681
-0.40225026
-0.38860208
-0.25194836
0.11957994
-0.11108235
-0.19231534
-0.12565412
0.12750928
0.11412635
-0.12032723
-0.31433949
-0.39477035
-0.25200334
-0.19024099
-0.14476377
-0.18792866
-0.21110846
-0.28222373
-0.30807424
-0.2683247
-0.18056469
-0.14452292
-0.11301219
0.14266886
-0.18084975
-0.1984462
-0.25246295
-0.28829846
-0.2307899
-0.127783
-0.12011682
-0.10976332
0.13317016
-0.11008204
-0.16203977
-0.2256456
-0.21769467
-0.1879153
-0.16581686
-0.13486162
0.1145861
0.15142472
-0.14991142
-0.10617492
-0.13315517
-0.10553104
-0.18667386
-0.21701011
-0.10699641
-0.13310029
0.1329256
0.17769614
0.13220726
0.13228872
0.12579969
0.11899424
0.12270875
0.13188331
0.29603046
0.21122077
0.29747531
0.25441626
0.24140443
0.31842676
0.228204
0.3371354
0.30568761
0.29098079
0.11449689
0.1331353
-0.15272535
0.19074565
0.15371603
0.18372962
0.11375279
0.19534494
0.21803571
0.19854964
0.13614577
0.13482009
0.10460614
0.14552188
-0.15229663
-0.11544571
-0.12656139
0.1307936
0.1289437
0.12589757
-0.11629611
0.105905
0.11642896
0.12939876
0.13809741
0.11277039
0.11046664
-0.14306052
0.12258636
-0.1800862
-0.19707491
0.1063614
0.11143818
0.13506353
0.11462594
0.1287338
0.11838201
-0.20635936
-0.11961657
-0.16477554
0.11983436
0.13329901
0.11096023
-0.19531357
-0.14560023
-0.10404257
-0.10417474
-0.15428221
-0.19845816
-0.14355786
-0.12789361
-0.17956521
-0.10448375
-0.14118545
-0.12624837
-0.22283199
-0.1735438
0.12617606
-0.13032304
-0.10329567
-0.13286531
0.14487748
0.10338707
0.10350452
-0.1144712
0.12324164
0.10342411
0.11166923
0.1181323
0.10883747
0.10960923
0.11655697
0.10803428
0.11180871
0.12443823
0.10537027
0.11776438
0.13122545
0.12683132
0.1427265
0.12785204
0.11156799
0.13645916
-0.1058737
0.11741769
0.11509866
0.13509846
0.12998986
0.13248575
0.105188
0.10728735
0.1693574
0.12177993
0.1250795
0.12688991
0.10372616
0.12537606
0.12585594
-0.12608835
-0.12188328
0.12159214
0.12080676
-0.14650853
-0.1153008
-0.12495521
-0.16988206
0.11654694
-0.1722863
-0.16566825
-0.11466553
-0.14196002
-0.19848226
-0.20520736
-0.11343527
-0.13378933
-0.120473
0.16658784
0.2386367
0.19465123
0.11592223
0.18555373
0.13798742
0.12357211
0.10973405
0.1589687
0.179653
0.27030739
0.29589534
0.23273905
0.12675065
0.13152272
0.13712555
0.15900478
0.12887365
0.17721793
0.15401328
0.19446573
0.21474531
0.13459161
-0.11797775
-0.11072481
0.13734692
0.15451144
0.12883195
0.10700009
0.10327666
-0.15208043
-0.10513249
-0.1109812
-0.12033582
-0.15420562
0.12925227
0.16579071
0.10631426
0.13101149
-0.14451015
-0.11403514
-0.18045616
-0.11172304
0.11584097
0.16836503
0.18767115
-0.1036499
-0.17282467
-0.1778737
-0.12439837
-0.11322881
-0.12305945
-0.11293672
-0.11944877
-0.21700393
-0.27777347
-0.1058746
-0.1532395
-0.12659314
-0.12578292
-0.12592955
-0.14119928
-0.20367418
-0.21474934
-0.19459245
-0.18840384
-0.25255087
-0.11608508
-0.21018311
-0.23609735
-0.25655019
-0.20751692
-0.21743779
-0.25227967
-0.25246477
-0.28475887
-0.16172892
-0.10648737
-0.16918017
-0.12093898
-0.16612715
-0.1199583
-0.111181
-0.12853301
-0.2881262
-0.353995
-0.29487699
-0.22143242
-0.19659358
-0.19093581
-0.12398759
-0.14597166
0.116731
-0.14196879
-0.11409006
-0.11523244
0.10574257
-0.12920171
0.12370174
-0.17230107
-0.19885887
-0.24057573
-0.19264112
0.15437326
0.15070364
-0.14605236
0.12900396
0.16086921
-0.15068321
0.15997441
0.10477056
0.1211096
0.12911271
0.13158546
0.16608512
-0.11148265
0.12066042
0.1236435
0.20432538
0.13031818
0.14232537
0.12981595
0.25520051
0.22000374
0.12606776
0.12960629
0.10866119
0.13166939
0.12784104
0.19115166
0.24156652
0.1171997
0.13279337
0.21986099
0.29744595
0.20536163
0.19467884
0.15443616
0.125526
0.17662206
0.10499633
0.17238234
0.10592616
0.11168811
0.11827226
0.14208056
0.25849828
0.21806283
0.14963107
0.12763081
0.10790793
0.15266897
0.15290616
0.17846565
0.17833549
0.13074973
0.11617287
-0.12020256
0.12270969
0.11011194
0.12308817
0.13577606
0.17941792
-0.11364095
-0.12370498
-0.14487046
-0.10327404
-0.13309331
0.12143477
0.12605835
0.13030629
0.18129207
0.13932464
0.10838221
0.1406924
-0.15333875
-0.13146611
0.12674984
0.15184802
0.14677535
-0.13034318
0.12679167
0.12105751
-0.13713379
-0.11869554
-0.11533909
-0.12395985
-0.15394928
-0.10672892
-0.18636826
-0.13183542
-0.10885935
-0.13144974
-0.21626897
-0.20628519
-0.10379185
-0.10620777
-0.11735037
0.10356512
0.10911597
0.19576026
0.17491765
0.14366592
0.1423374
0.10421506
0.108735
0.12852301
0.1856201
0.17149089
0.20954679
0.21034046
0.18217604
0.29051074
0.20549537
0.12642467
0.20985329
0.15007721
0.14935595
0.10934471
0.18982179
0.1541096
-0.12545945
0.1306885
0.17022468
0.15985176
0.15783353
0.23992771
0.15119967
0.11883704
0.14923312
0.13639332
0.10960581
-0.11108667
0.15481412
0.14071362
0.11753961
0.15479657
0.11661024
-0.18553957
-0.23895811
-0.27631891
-0.14220169
-0.17917435
-0.18141624
-0.10814478
-0.11208437
-0.11744992
-0.13896258
-0.18043323
-0.22838125
-0.11330162
-0.15502432
-0.18509571
-0.21457861
-0.15388209
-0.14765298
-0.22019301
-0.17161718
0.12093219
0.15382427
-0.15498136
-0.156363
-0.15919341
-0.19971289
-0.11195813
-0.10471111
0.17635344
0.15524413
0.1695597
-0.11146157
-0.13570996
-0.16116042
-0.16281296
0.10784989
0.21001206
0.18494639
0.12339365
0.15756735
0.16793211
-0.11941578
-0.12105318
0.12883709
0.12123657
0.11776574
0.13828751
0.122219
0.17980564
0.14399865
-0.2082043
-0.16849133
-0.17559657
-0.17263216
0.12018445
0.14754336
0.12298879
0.15519834
0.12484164
-0.10977978
-0.24443632
-0.17133801
-0.12016853
0.12862663
0.18824039
0.10813587
-0.21608381
-0.14654727
0.16743284
0.10895831
-0.16203324
-0.23403162
-0.17726621
0.11954205
-0.10464913
-0.20659144
-0.27666083
-0.10674195
-0.14417405
-0.24761769
-0.21334116
0.1104166
0.10544775
0.13421308
0.11034985
-0.20111871
-0.19438866
-0.17820224
-0.1447764
-0.15244398
-0.13351808
-0.13630143
-0.20436743
0.12894067
0.10606434
-0.14953485
-0.1392743
-0.11214483
-0.11868785
0.13023995
0.19347048
-0.11114294
-0.11673617
-0.12578993
0.13907567
0.12976395
0.1112095
-0.10710322
0.12784396
-0.13089707
-0.1797583
0.10424582
-0.13826711
-0.14007351
-0.12379563
-0.12131698
-0.13089412
-0.1633739
0.1385123
0.10739183
-0.1752388
-0.14680539
-0.12418561
-0.17417358
-0.12392883
-0.13368192
-0.12410607
-0.21572822
-0.1676603
-0.14830592
-0.11393902
-0.10445976
-0.10541929
0.12291051
-0.11446736
0.12986499
0.20097125
0.11471532
0.16783828
0.25810704
0.26917246
0.19742814
0.17050289
0.12030601
0.18654113
0.11531198
0.19343758
0.31046274
0.2432308
0.2404837
0.1576717
0.14404365
0.15146083
0.10406424
0.18792465
0.10558411
0.20004235
0.14431947
0.1494012
0.25226027
0.17834781
0.17492431
0.10879467
0.12132261
0.14402477
0.19651651
0.1770753
0.32450935
0.22866783
0.32175159
0.22153947
0.19647941
0.2447397
0.23563725
0.19314675
0.12636547
0.11445928
0.14908348
0.17081377
-0.1359258
0.11247892
0.18744549
0.18970014
0.13619484
0.11987846
0.12074458
0.19431783
0.11182689
0.11320671
-0.11930168
-0.1125842
0.11606416
-0.11112017
-0.10864999
-0.11005936
-0.12208036
-0.15154837
-0.13962239
-0.11668722
-0.17397982
-0.11036067
-0.12201089
-0.19812945
-0.14141817
-0.1380125
-0.17383875
-0.11657666
-0.19187552
0.14186287
0.13742234
0.10685777
-0.18165483
0.13446835
0.15802519
0.10522576
0.19920518
-0.14574656
0.13983038
0.17638539
0.10657467
0.16259727
-0.10606468
0.11366881
0.10456567
0.11227544
0.15141912
0.15117893
0.10446011
0.12477869
0.14776598
0.26689094
0.15505683
0.1188091
0.10955936
0.13345015
0.12891249
-0.14155492
0.22973399
0.17832159
0.16894233
0.19852132
0.17755601
0.23192751
0.1255779
0.13641267
0.17138392
0.19457151
0.10448588
0.18982357
0.15631679
0.11611527
0.11134376
0.10971679
0.13037717
0.17396022
0.1727225
0.10784329
0.13327532
0.17245957
0.15556304
-0.12461554
0.13813983
0.1604939
0.23013437
0.19777142
0.16981694
-0.10892451
0.11031285
0.13326691
0.13984516
0.12543839
-0.13338055
0.11976761
-0.2424031
-0.12480277
-0.12092291
-0.12624311
-0.1117897
-0.1085752
-0.13704853
-0.12209454
-0.24538366
-0.17536895
-0.11726512
-0.11753346
-0.15164706
-0.10782346
-0.12706608
-0.13126312
-0.12714605
-0.12251785
-0.15732791
-0.11227503
-0.13316473
-0.14148185
-0.11031707
0.14139861
0.11340997
-0.17788236
0.142671
0.16492468
0.11186459
0.10445192
0.14985728
-0.11317633
-0.22475304
-0.20970002
-0.20032188
-0.13686849
-0.21867774
-0.11842305
-0.15050541
-0.30295393
-0.25846478
0.12163243
-0.16096394
-0.11801647
-0.19267455
-0.2795507
-0.20410772
0.13335744
-0.12599884
-0.12189179
0.12031535
-0.15788044
-0.21056992
-0.25608158
-0.23803431
-0.11913177
0.12918444
-0.1492171
-0.10665101
-0.16101307
-0.12003721
-0.12365994
-0.17390038
-0.24078119
-0.20526262
0.12928188
0.10540317
-0.12622254
-0.14066201
-0.12261326
-0.16455589
-0.25139886
-0.21411571
-0.12818803
-0.15230629
0.16284561
0.15612257
-0.12748019
-0.1543427
-0.13318934
-0.10359748
-0.15049227
-0.25457522
-0.20596384
-0.11945185
0.12194626
0.12400483
-0.15782148
-0.13937838
-0.14651023
-0.18970241
-0.20006409
-0.21160233
-0.27946797
-0.13496326
0.11107405
0.12486085
0.10611875
0.11524211
-0.1306386
-0.16614448
-0.18641171
-0.15359627
0.10413868
0.11413085
-0.11053869
-0.13699418
-0.17677906
-0.11782382
0.13037719
-0.10987265
-0.11335504
-0.10891801
-0.16837017
-0.13516472
-0.1143828
0.10876796
0.11503516
0.12874712
-0.11582778
-0.12197203
-0.12999663
0.11491703
0.12443218
0.15263829
0.12663461
-0.13201801
-0.13181642
-0.1211785
-0.21628828
-0.1070269
-0.11365778
0.11252072
-0.12216993
-0.11662041
-0.11715554
-0.14652959
-0.23530552
-0.25274521
0.11206862
-0.14493796
-0.19467364
-0.13851537
-0.11172076
-0.11634883
-0.13701029
-0.13090593
-0.13846125
-0.12459587
-0.11792637
-0.16939285
-0.134541
-0.12613754
-0.12450022
-0.14525726
-0.11852977
-0.10321148
-0.12203218
0.10509604
-0.12519996
-0.15146253
-0.1370476
-0.18202531
0.23779675
0.18978164
0.20881358
0.15443705
-0.10949208
-0.17155151
-0.10737257
-0.11941801
-0.13606226
0.12565456
0.11821843
0.17486417
0.13487658
0.11235655
0.16297886
0.1085256
0.11055658
0.18376143
0.15549725
0.24466322
0.24516861
0.26168337
0.28809944
0.2301175
0.11879875
0.15301992
0.14697506
0.15286893
0.14388201
0.12085773
-0.12832804
0.19118674
0.174676
0.1240277
0.25355858
0.23790157
0.2337977
0.18377925
0.12792213
-0.1195512
-0.10837474
0.14248374
0.13505563
0.16927676
0.12731469
0.13560358
0.11600915
0.11045498
-0.18251556
-0.25945571
-0.23369753
0.10669516
0.10817238
-0.16227618
-0.24062438
-0.13240631
0.12965553
0.14679027
-0.13290103
-0.22940356
-0.16721979
0.11108049
0.13692747
-0.1856201
-0.10528251
-0.15150315
-0.25371328
-0.19088177
-0.12092231
0.12412698
-0.1241382
-0.11720537
-0.11996397
-0.17511134
-0.19075537
-0.13769317
0.13836239
0.13079132
-0.12289207
-0.10609381
-0.10504553
-0.26144621
-0.1746399
-0.14753072
-0.11721935
0.12883514
0.10334701
-0.12642692
-0.22374159
-0.15837356
-0.1598549
-0.2723614
-0.17020522
-0.12656067
-0.11707587
0.10840829
0.12909545
-0.10776605
-0.11563886
-0.12819418
-0.19897985
-0.13255282
0.13059257
0.15161395
-0.1202889
0.1851752
0.13034403
0.11041573
-0.12478358
0.17836414
-0.10335707
0.14214067
0.1103281
0.11793409
-0.24471459
0.13306607
0.18097737
-0.22961114
0.12519597
0.17060965
-0.1148095
0.1034712
0.11203089
0.15171972
0.11518794
0.14881474
0.18399107
0.16664831
0.17505452
0.14781682
0.17361431
0.10694313
-0.13513485
-0.1228122
0.109226
0.10348
-0.11035731
0.11943546
0.12378974
0.11004491
0.18045612
0.10684475
0.10410058
0.16320482
0.11094651
0.15220736
-0.10553247
0.11252211
0.1245448
-0.11921667
-0.17672417
-0.26481
-0.12762801
-0.15570019
-0.10697524
0.17707865
-0.11597106
-0.22971068
-0.14870223
0.12294696
-0.12395623
-0.11564475
0.12897606
0.12987468
0.11974833
-0.10483491
-0.11766259
0.17017698
0.21125427
0.15654911
0.15165171
0.12577137
0.14626305
0.14178789
0.20655403
0.15147747
0.18600501
0.25752816
0.16277136
0.1494094
0.12506309
-0.12676808
-0.15727612
0.16450486
-0.17038752
0.180539
0.13653421
0.1394521
0.10908949
-0.15197802
-0.14240168
-0.14210227
-0.17940104
0.1282261
0.10952926
0.10924502
0.1160957
-0.17898887
-0.25865889
-0.22878951
-0.14081118
0.11646535
0.10984062
0.21901363
-0.23876472
-0.30917034
-0.23250924
-0.17523395
-0.10636637
-0.14715049
0.12116501
0.11747751
0.11627341
-0.19816542
-0.18504502
-0.13027889
-0.12701498
-0.11234047
-0.13723001
-0.10565029
-0.17535535
-0.14692935
0.10606303
0.18058047
0.15087247
-0.11353751
-0.16850181
-0.1173091
-0.1133048
-0.1805111
-0.18152054
-0.162058
0.21133225
-0.12300919
-0.14887094
-0.18490654
-0.24149473
-0.2289495
-0.12923175
-0.15068305
-0.13667163
-0.11255854
-0.1134474
-0.12371329
-0.19739738
-0.16388498
-0.11222784
-0.19390377
0.13067211
-0.15189362
-0.11283606
-0.11105759
0.10570981
-0.15500899
-0.11330262
-0.14087354
0.15164666
0.27225342
0.14423756
-0.13251415
-0.21324418
-0.18376122
-0.14113867
-0.16822907
-0.10504507
0.12139126
0.1226947
-0.13436882
-0.13603641
-0.12885857
0.21071675
0.33927214
-0.16913094
-0.21253906
-0.1209713
-0.11225301
-0.11177944
0.16400646
0.20494598
-0.14306688
-0.15671428
-0.18105178
0.21696346
0.15899272
0.15432255
-0.12163837
-0.14392184
-0.13387913
0.22424076
0.16662027
0.12501669
-0.18357754
-0.16330391
-0.15051931
0.25234336
0.15128447
0.22833349
-0.1519721
-0.16626765
-0.16306891
0.20060393
0.26053959
0.14865744
0.11657453
-0.11719281
-0.18332714
-0.10463247
0.25797337
0.18829013
-0.17857184
-0.10633098
0.10521859
0.12689982
0.23298311
0.11747129
-0.11673231
-0.11136983
0.10481104
0.16952339
0.22339299
0.25294524
0.21094841
0.16261929
0.25531197
0.19581929
0.16119197
0.12246636
0.22456668
0.24347073
0.12959667
0.18089521
0.14769718
0.11824378
0.11453383
0.11325476
0.10386939
0.11740955
0.18883091
0.19220151
0.16198443
0.10344015
0.14795725
-0.11722741
-0.10572807
-0.17946413
-0.10807037
-0.25995725
-0.31285423
-0.1865377
-0.14406575
-0.16692591
-0.11236998
-0.19427978
-0.18413743
-0.16064847
-0.12161604
0.12687957
-0.11117806
-0.22037628
-0.14855915
-0.12751332
-0.1949234
-0.20341903
-0.1379904
-0.20353153
-0.13020644
-0.16081135
-0.23642176
-0.27894744
-0.17937475
-0.18041077
-0.19309862
0.11267961
-0.12454009
-0.15112305
-0.20506588
-0.17980365
-0.15588246
-0.11526676
-0.15104
-0.11787188
-0.20905595
-0.18111944
-0.11836501
-0.11342517
-0.10581914
-0.16400848
-0.12286347
-0.12924531
0.16668387
0.15917552
0.11134744
0.18205272
0.10850087
0.18963906
0.14393958
0.11107619
0.12179046
0.10404522
0.1141369
-0.13461435
0.15875214
0.15814638
0.17519365
0.10893255
0.10969323
0.13473403
0.18217954
0.11067879
-0.12241744
0.16429266
-0.13857889
-0.14260088
-0.15805949
-0.1166828
-0.14402175
-0.11645959
-0.10609522
-0.12287875
-0.11228636
-0.1064775
-0.13021545
-0.12561046
-0.19786847
-0.13191634
-0.11340702
-0.11304568
-0.16367212
-0.18438381
-0.15290867
-0.12084185
-0.10647814
-0.13810921
-0.15463023
-0.1534276
-0.21336243
-0.11159791
-0.13851324
-0.11385038
-0.15306741
-0.18410602
-0.22925577
-0.12931783
-0.14792405
-0.15035957
-0.12389335
0.1033429
0.14767012
0.15735283
-0.1158985
-0.14881147
-0.12307346
-0.12163734
-0.11322325
0.18224877
0.19033524
0.13031965
0.1424191
0.13331616
0.14850618
0.13147189
0.17418708
0.17191005
0.19445118
0.164461
0.16545348
0.12849642
0.13259327
0.17287521
0.16983853
0.15688218
0.13338709
0.15617888
0.15008891
0.19043706
0.14845018
0.21093199
0.15384665
0.12654671
0.12792756
0.12932286
0.14999889
0.13237865
0.10897494
0.23415747
0.21171802
0.14926907
0.10807489
0.13067462
0.18374507
0.1831335
0.13657276
0.17271607
0.17899831
-0.11766162
0.1285014
0.18355322
0.10374139
0.17146958
0.12596364
0.10360398
-0.12834433
0.23126757
0.1695115
0.10444939
0.20009729
0.146015
0.18268391
-0.14235918
-0.22169225
-0.14323935
-0.11244386
-0.11823579
0.17955171
-0.14007451
-0.14292513
-0.24132402
-0.20420755
-0.22602661
-0.28222746
-0.191751
-0.16744889
-0.13117971
-0.11885405
-0.14270505
-0.1047148
-0.19995637
-0.20419778
-0.23759781
-0.27579215
-0.17387779
-0.17628525
-0.13751125
-0.11379416
-0.17944005
-0.13841112
-0.13180074
-0.17424919
-0.14679369
-0.10797024
-0.12186552
-0.12169333
-0.1209631
0.10792851
0.11261677
-0.16096708
-0.1210398
-0.12024432
-0.19111483
-0.13107158
-0.14318913
-0.21393111
-0.20219366
-0.24718554
-0.17318524
-0.15140496
-0.25854397
-0.20775916
-0.16535835
-0.22697031
-0.29395598
-0.30131078
-0.28755695
-0.20678222
-0.19648032
-0.10820058
-0.16544029
-0.1353889
-0.1161329
-0.20105918
-0.25630155
-0.12175448
-0.10896228
-0.15126519
-0.10731575
-0.11931721
-0.10335165
-0.11136088
0.11558596
0.10916234
-0.12397607
-0.15492994
-0.1445418
-0.11930989
-0.10696299
0.10456078
-0.21445948
-0.1553767
-0.10840015
-0.1223742
-0.10899209
-0.10787746
0.10609284
0.23127475
0.154571
0.1241684
-0.11999805
-0.15166423
-0.10717891
0.14523724
0.10484999
0.14240533
0.11611935
0.11669636
-0.14022557
-0.1520562
-0.13943037
0.19898766
0.16103871
0.11415109
0.12446602
0.12823312
-0.13530357
-0.20313057
-0.19253153
-0.12553835
0.17199156
0.18104015
0.10912095
-0.19776437
-0.14437003
-0.13938133
0.13238856
0.10506507
-0.15858626
-0.10418608
0.10328743
-0.1586248
-0.15577322
-0.11915772
-0.15585653
-0.12704551
-0.10975739
-0.15359427
0.10552182
-0.24828792
-0.17998485
-0.13990298
-0.17901555
-0.1051809
0.17549503
-0.15275852
-0.15173191
-0.22658169
-0.10326015
0.11906084
-0.16400248
-0.10437341
-0.14629211
-0.18794253
-0.1865575
-0.20538826
-0.10936322
0.13434893
0.12867124
-0.12866433
-0.24562247
-0.27524304
-0.15189721
-0.11684735
-0.16677006
-0.14843889
0.1183961
-0.18230107
0.14147624
0.12297641
0.11465227
-0.14345424
0.12219318
-0.13445516
-0.18112302
-0.10505119
0.11889336
0.11382184
0.14035858
0.11151049
-0.11290438
0.13030289
-0.18315269
-0.1235
0.1279365
-0.15850361
0.13613196
-0.10631393
0.25465167
0.18744344
0.12063762
0.12920558
0.10994274
0.13020268
0.1540699
0.14606336
0.11736566
0.12613401
-0.12602906
-0.14453734
-0.13882016
-0.10487904
0.13031192
0.13595977
-0.17712435
-0.11915772
-0.17268077
-0.11981959
0.10873611
-0.16064902
-0.13762172
-0.13057035
-0.11280519
-0.11356024
-0.10462433
-0.11850914
-0.12792923
-0.11039858
0.12083564
-0.16146111
-0.20576751
-0.16100566
0.18322897
0.1330653
0.1440365
0.10684062
0.12999207
0.13054012
0.11948044
0.1163631
0.18398225
0.1154253
0.17865691
0.18964468
0.16825104
-0.11179623
-0.11995539
-0.15687397
-0.11963259
-0.10338945
-0.15280439
-0.28637764
-0.26231447
-0.17097308
0.11498804
0.14052233
-0.15945487
-0.11385568
-0.10566627
-0.10890865
-0.12754361
-0.10498604
0.11210769
-0.14538553
0.28822693
0.1930508
-0.12107219
0.14164214
0.16195652
0.28107494
0.28522477
0.10767831
-0.10410812
0.12451766
0.10715057
0.1270272
0.15341403
0.32122782
0.37128013
0.32326895
-0.12162468
-0.10789233
-0.13758966
-0.15560301
-0.10463037
0.12286422
0.10512669
0.23515117
0.30097839
0.36684129
0.20488028
-0.18132278
-0.1869458
-0.18548939
0.19845879
0.14960797
-0.17067556
0.11096054
-0.11154654
-0.18700564
-0.15404227
-0.19012116
-0.17194597
-0.21348152
0.15152791
0.18619183
0.13788812
0.1419687
-0.10333028
-0.1424731
-0.12367254
-0.17461318
-0.16448529
-0.14187711
-0.21118335
-0.18053491
-0.36968592
-0.27859169
-0.16398473
0.11717034
0.25490716
0.26698339
0.19259445
0.12609342
-0.11794011
-0.22095208
-0.1678118
-0.11206084
-0.22185868
-0.11064758
-0.1693013
-0.32536766
-0.35982198
-0.36568874
-0.29037684
0.21658495
0.18347998
0.1260362
-0.15414989
-0.18915318
-0.20280142
-0.30964461
-0.43781054
-0.3955451
-0.2838347
0.11061118
-0.1662319
-0.16787067
-0.13684247
0.10704633
-0.14166138
-0.32808965
-0.38089925
-0.4272275
-0.21733285
-0.11192882
0.14821331
-0.12946372
-0.12666348
0.10511166
-0.20351282
-0.16216138
-0.19267946
-0.18252663
-0.10666431
0.12302001
0.13691913
-0.14942689
-0.16593702
-0.14336544
-0.11735579
0.12326451
0.11736014
-0.11746603
-0.15228257
-0.14621183
-0.1625046
-0.28126711
-0.17913748
0.11789106
0.14989342
0.18323894
0.13948807
-0.12983871
-0.16670883
-0.25322026
-0.22146362
-0.14873007
-0.12744012
0.12534195
0.13211882
0.14433007
0.10361834
-0.20943539
-0.2208267
-0.28668582
-0.20240732
-0.14444293
-0.15531357
-0.2335591
-0.30355555
-0.1962734
-0.13951147
0.12553324
-0.13511081
-0.21689193
-0.23945493
-0.12146454
0.16319045
-0.15643504
-0.13585478
-0.15882461
0.1078313
0.11776443
-0.13887766
0.10809478
0.26148906
-0.13473296
0.11929847
0.15278332
0.12912558
-0.13188884
-0.14043687
-0.16268094
-0.14213566
-0.15893108
-0.12852761
-0.11219134
-0.14935368
-0.17971301
-0.10937911
0.11802135
0.15244305
0.12097234
0.11771743
0.23201869
0.24660012
0.24276978
0.13576195
0.16625768
0.15189606
0.13277449
0.15860678
0.11280646
0.1409231
0.15640937
0.1524832
-0.14233027
-0.13722056
-0.12115061
0.21335505
0.1145202
0.12763017
0.14477211
0.10383413
-0.10447045
-0.1866321
-0.16928564
0.11293527
-0.13760825
0.1139176
0.13213632
-0.10855911
-0.17969759
-0.26289132
-0.31148878
-0.15875344
0.13478073
0.12398368
-0.12121557
-0.12886436
-0.11128736
-0.20869975
-0.27093992
-0.23910284
-0.1920114
0.11292211
-0.19804586
-0.21452098
-0.15538657
-0.16527967
-0.15556248
-0.14431556
-0.11346173
-0.11003941
-0.18497163
-0.15068625
-0.12479139
0.12205595
0.12713547
0.11238314
-0.10665417
0.14088058
0.11521459
0.14483309
-0.11158656
0.1314158
0.13299528
-0.21685582
0.12689415
0.12821685
0.172507
0.11402615
-0.13022083
-0.17355819
-0.14410229
0.13364254
-0.15253757
-0.14620298
-0.17281017
-0.21824224
0.11960706
-0.12419435
-0.19015521
-0.15344906
-0.14990899
-0.1579233
-0.16869169
-0.11859252
-0.1815602
-0.13487133
0.10312971
-0.13578933
-0.10915202
-0.10482503
-0.11058311
-0.13898693
-0.12516847
-0.10484587
-0.13852938
-0.11500704
-0.11069658
-0.10439258
-0.18071377
-0.12794432
-0.13154754
-0.14079426
-0.10955126
-0.10440463
-0.11578942
-0.11533668
0.14227511
-0.1844237
0.11084235
0.11076301
0.12566696
-0.169451
-0.11225427
-0.1106346
-0.123325
-0.11253555
-0.15273014
0.1348215
0.11366229
0.10453506
0.16048715
0.11096596
0.14432025
-0.12112691
0.16393872
0.11124665
0.16330224
0.10722751
0.12421156
0.12197209
0.11378905
0.19762859
0.16168028
0.22701631
0.24097607
0.26710182
0.22995487
0.16748966
-0.12636752
-0.15420268
-0.17147163
-0.10815258
0.14428715
0.2081899
0.16410832
-0.12066404
-0.12842329
-0.11318482
-0.1508296
-0.11403805
-0.13851455
-0.13749103
-0.17344114
0.13919555
-0.15090083
-0.13541676
-0.12356364
0.10398351
-0.10569651
-0.15439229
-0.18371837
-0.14904818
0.14721271
0.11845858
0.13217111
-0.10666681
-0.16053052
-0.14890288
0.10887431
-0.10516421
-0.12389709
-0.13281512
-0.12508029
-0.11961538
-0.14020771
-0.12522888
-0.17185399
-0.11836419
-0.11244538
-0.13163336
-0.11710843
-0.13443729
-0.10748906
-0.10848105
-0.13029672
-0.12126996
-0.11046745
0.12931846
0.13231513
0.11018562
-0.15497048
-0.11015202
-0.12864104
-0.14750484
-0.12306548
0.11165642
0.14203389
0.12533978
0.134284
0.11521525
-0.20685554
-0.13770624
-0.13392387
-0.15163894
-0.15194654
-0.14209393
0.12398334
0.1333465
0.16189422
0.21093911
-0.11591553
-0.19143654
-0.11153295
-0.13179649
-0.1042247
-0.13196801
0.11089003
0.1349971
-0.21418166
-0.10493656
-0.12665562
-0.14367943
-0.1953474
0.11959644
0.11479446
-0.22200938
-0.21732549
-0.16633849
-0.10604084
-0.10355528
0.11954011
-0.11545175
0.11535858
-0.12454908
-0.14923045
-0.11484647
-0.10815967
-0.12277448
-0.12987223
-0.12260336
-0.1870655
0.13167216
-0.11526284
-0.12528637
-0.13002777
-0.17361118
-0.10524444
-0.19218178
-0.12895776
-0.12407175
-0.1137763
-0.1800826
-0.14283276
-0.11358511
-0.19331859
-0.13574712
-0.15723871
-0.10404023
-0.11435615
-0.12614419
-0.13820896
-0.14798966
-0.15573923
-0.12192439
-0.15851873
-0.17246173
-0.13178204
-0.13974896
0.11144061
0.20098168
0.14716212
0.12384415
-0.11481883
-0.17317748
-0.15074602
-0.14630866
0.21160167
0.20307676
0.11890154
0.11945599
0.13752744
0.13762395
0.19367951
-0.16535625
0.13926855
0.18136317
0.1224805
0.17769469
0.11935818
-0.20294045
-0.2152658
-0.1154095
0.15932724
0.12947108
-0.15790369
-0.24028145
-0.11971954
0.13529842
0.19154055
-0.14863917
-0.18013288
0.12615098
-0.1373121
0.10472202
-0.24592467
-0.139963
-0.12431268
-0.1606351
-0.10452513
-0.13021159
-0.11326957
0.1404148
0.18940617
-0.12432481
-0.15061021
-0.12147049
0.19325793
0.1949524
0.20693441
0.16295898
-0.11295763
-0.10352501
-0.15317251
-0.12252125
0.20802675
0.12000208
0.210026
0.11235975
-0.1655709
-0.1045093
-0.12208087
0.10329479
0.13464436
0.10843775
0.10452103
0.30211607
0.16308378
0.10529687
-0.17165506
-0.12692598
0.10953337
0.12609698
0.12483652
0.18070781
0.25200552
-0.13718432
0.10640389
0.15785465
0.13975525
0.15515506
0.12919447
0.12335649
0.27349231
0.12078375
0.13346092
0.13183607
-0.11591074
0.17108068
0.1376936
0.17082416
-0.14499746
0.18543118
0.18050867
0.27597561
-0.11848794
0.13063909
0.18878527
0.12642509
-0.14620091
0.12243448
0.1105601
0.12406596
0.12072141
0.12669586
0.14286581
0.15805006
0.12065838
0.18699248
0.12033845
0.10554786
0.11048562
0.11396901
0.10795581
0.12179329
0.14045326
0.10436605
-0.11856826
-0.13333333
-0.11516186
0.12518889
-0.12210469
-0.25901699
-0.12287837
-0.11244456
-0.20101865
0.12074971
0.11413946
-0.2282059
-0.21843466
-0.21691935
-0.16086328
-0.10601435
-0.2392254
-0.18028121
-0.11394762
-0.11983147
-0.10492488
-0.10313134
-0.11012695
-0.1031988
-0.12423627
-0.11889946
-0.14741851
0.12386016
0.10610843
0.14406569
0.13508038
0.14417313
0.1777032
0.19816852
0.12525436
0.11084696
0.1329584
-0.14894018
-0.16733991
0.10940365
0.13771835
0.11135007
0.24585053
0.13422051
0.15170085
0.1221061
-0.11809519
0.11909784
0.13590193
0.15941322
0.10320567
0.20877303
-0.13528702
0.12709551
0.21859671
0.16135046
0.11634003
0.11690058
-0.15612689
0.14449105
-0.14036365
0.16791081
-0.12275059
-0.10550222
0.12124418
0.152888
0.14135388
-0.16860847
0.16053353
0.15162367
0.13200855
0.13641864
0.16293362
0.13317133
0.12946825
0.16759183
0.14600106
0.13152193
-0.11437623
0.19211105
-0.10971107
0.11842265
-0.15318568
0.11538017
0.10480487
0.10999185
-0.17300077
-0.18377018
-0.13766815
0.12469299
-0.12954149
-0.1073361
0.18231374
0.1448689
0.15390877
0.1080889
0.14241256
-0.17593332
-0.12479499
-0.18988465
0.12761363
-0.1079184
0.1162362
0.14798728
0.10655692
0.10840225
-0.15569758
0.12509598
-0.1034737
-0.14254737
0.10580067
-0.13450006
0.10663797
-0.1833438
-0.12240521
0.13850993
-0.11923716
-0.14871834
0.16826674
-0.13889645
0.11749614
-0.10785591
0.13212499
-0.1101741
-0.17739393
-0.13214305
-0.11255211
0.10545798
0.10750841
-0.13763012
-0.15492688
-0.15210633
0.1033853
0.17141122
0.12201749
0.10639516
0.17275782
0.15836263
0.1207452
-0.13064539
-0.12699538
-0.11281937
-0.11301783
0.10402532
0.11140311
0.23351043
0.1920456
-0.13712628
-0.18126078
-0.1142878
-0.12919223
-0.25552541
-0.24837413
-0.26778418
-0.13483723
-0.12865503
-0.12597352
-0.13904627
-0.12796377
0.14110838
0.11225531
-0.1249015
-0.1578785
-0.26820531
-0.22541538
-0.16904239
-0.16893516
-0.27503285
-0.29629135
-0.19569033
-0.12133082
-0.11718792
-0.1177035
-0.10435899
-0.1152348
-0.15462624
-0.25259951
-0.22148092
-0.17353918
-0.13934089
-0.12241739
0.12508045
0.18320173
0.18643099
0.17570165
0.18818334
0.13324963
-0.11899198
-0.12862647
-0.12768164
-0.16910836
-0.1195861
-0.10530691
0.13114338
0.20102018
0.13392015
-0.18668008
-0.13548517
-0.11321212
0.18821992
0.13293894
-0.16951917
-0.18078494
-0.11130966
-0.1275415
-0.13645516
-0.18800122
-0.11695087
-0.10918258
-0.11940889
-0.14584039
-0.10686913
-0.14776281
-0.19465491
-0.11594848
0.12826824
-0.18517286
-0.1167437
0.14184728
-0.12993975
0.14349982
0.19612525
0.12707582
-0.10515902
-0.16164668
-0.16648072
0.23307645
0.28770652
0.17770548
-0.11294623
-0.13386975
-0.10661171
0.11107623
0.181941
0.12966311
-0.24942107
-0.11756335
0.1069921
0.16295861
0.12984321
0.25545931
0.25676006
0.16174001
-0.11004866
0.11844467
0.19255373
0.11895378
-0.10376129
-0.134691
0.13904637
0.23798662
0.28170305
0.26115942
0.33214372
-0.11324313
0.18859527
0.22641908
0.15752906
-0.11593912
-0.19414768
0.19651155
0.24361895
0.16344796
-0.11211234
-0.16367446
-0.11937913
0.11403267
0.15838735
0.11613941
-0.13604207
-0.15026779
-0.12553804
0.13768846
0.24097654
0.11905999
-0.11169703
-0.11625247
-0.1045187
-0.12284743
0.18118732
0.18259192
-0.1085033
-0.15220609
-0.12366482
-0.18073185
-0.17456353
-0.17897588
-0.16493274
-0.11422006
0.17570087
0.11863652
-0.10896469
-0.10655085
-0.11999483
-0.1627264
-0.14316009
-0.10486916
-0.14764331
-0.1129063
-0.12919642
0.15507548
0.16998528
-0.12610401
-0.19472936
-0.21244
0.14033657
0.13314915
0.12046366
-0.13131253
-0.27419034
-0.22364949
-0.23345858
-0.11617965
-0.15417601
-0.19566356
-0.20009086
-0.12125561
-0.16451819
-0.21612105
-0.15206213
-0.10885898
-0.22088359
-0.25708356
-0.14741307
0.11549939
-0.20707403
-0.18316796
-0.14713547
-0.12750144
-0.23500279
-0.10386479
-0.12644255
-0.15111396
0.11920674
-0.17162469
0.12886651
0.12231821
0.12772097
-0.19658348
-0.18631884
-0.11743229
-0.14002721
-0.13836516
0.11334094
-0.11419392
-0.11336959
-0.18136245
-0.17021826
-0.14298493
-0.19936813
-0.14944129
-0.14181674
-0.14648071
-0.22355847
-0.1420705
-0.24595566
-0.16124251
-0.11949793
-0.11365741
0.12859468
0.11099886
0.12656748
0.16868974
0.20300482
0.20796415
0.26336107
0.26039511
0.19292819
0.17774951
0.11274389
0.15341608
0.12560153
0.14511332
0.10554005
0.10803522
-0.13937968
0.11252845
0.13494155
0.13194902
-0.14198551
0.1109716
0.12081309
-0.12514631
-0.12209633
-0.11708468
-0.15974583
-0.15126872
-0.1401394
-0.16027449
-0.11966221
-0.11495924
-0.20816784
-0.29439417
-0.15801866
-0.19029686
0.11276382
0.13134378
0.12678392
-0.18183583
-0.20047176
-0.24318759
-0.25455731
-0.20608722
-0.18198174
-0.14587437
-0.12152646
-0.18691447
0.12837583
0.10619126
-0.10610202
-0.18562102
-0.14688683
-0.14566843
-0.17410059
-0.14557907
-0.1979952
-0.14024942
-0.12438502
-0.14078172
-0.11347816
-0.1068967
0.12425702
-0.15381929
0.1147458
-0.17806548
-0.17383453
-0.10481562
-0.12366235
-0.11364829
-0.14670567
0.12703876
0.11112758
0.15179494
-0.12227538
-0.13292731
-0.11631192
0.12245145
0.12229066
0.14459769
0.11918192
-0.11252529
0.11501144
0.12757666
0.1243133
0.1198246
0.13780005
-0.12329794
0.1670109
0.11188828
0.15947582
-0.11254808
0.10430896
0.13659209
0.10905512
0.14455958
0.1264693
0.14739037
0.14007381
0.15377595
0.18281686
-0.1037025
-0.13759542
-0.14727327
-0.11823576
-0.13304663
-0.14446074
-0.17247956
-0.11762316
-0.13954489
-0.15193456
-0.17167211
-0.21020922
-0.22594301
-0.18246812
-0.18387057
0.10524526
-0.10588792
-0.14220038
-0.25471225
-0.20341662
-0.16518599
-0.21636137
-0.24787322
-0.24256369
-0.19225018
-0.14386946
-0.10678549
-0.13973686
0.11563237
-0.14792046
-0.35400376
-0.28193277
-0.13699062
-0.12854749
-0.19583315
-0.12697601
-0.14421162
-0.15959337
-0.156058
-0.16243666
-0.15431659
0.13362138
0.14176206
0.12665936
-0.10547589
-0.14325793
0.10363699
-0.11605195
-0.20184277
-0.12854613
0.17684074
0.13592774
0.18471719
-0.16050892
-0.11165845
-0.1333174
0.12587696
0.13233934
-0.12056156
-0.10446122
0.15196361
0.12508842
0.15144934
0.12377684
-0.1074352
-0.14244387
-0.12199741
-0.13946612
0.10418909
0.12669653
-0.13099486
0.17197192
0.17445378
-0.11991043
-0.1110653
0.16318679
-0.18321024
0.22188056
-0.10935184
0.10826131
0.17207581
0.13748641
0.12745051
0.10639292
-0.10835093
0.11237272
0.1601523
0.16850308
0.13771296
0.18097702
0.14727522
0.12635581
-0.15811783
-0.14536147
0.18220092
0.13048831
0.12076463
0.134784
0.20480755
0.16106367
-0.12440797
-0.17836213
-0.19822979
0.12121248
-0.13793366
0.10715799
0.1445647
0.20969631
0.16512023
-0.17859739
-0.19858411
-0.12273991
-0.13180798
-0.10893034
-0.11214124
0.11457612
0.16534862
0.18366393
0.13311775
-0.1796494
-0.1647547
-0.17255576
-0.17416969
-0.23893917
-0.13033785
-0.14001697
-0.1764936
-0.14150736
-0.12100548
-0.14558843
-0.12390439
0.14792877
0.16006252
-0.11252414
-0.19761008
-0.16385704
-0.12102311
-0.12069527
-0.23948829
-0.18447657
-0.25137916
-0.19286174
-0.20960347
-0.17707936
-0.16909797
0.13420975
0.10695232
-0.29193053
-0.38418883
-0.25787008
-0.18667752
-0.10556475
-0.11409209
-0.12524563
0.12142631
0.16805102
0.13214609
-0.17509656
-0.26877671
-0.19469383
-0.23769492
-0.16709597
-0.21189201
0.10558782
-0.10890293
-0.3386423
-0.40840304
-0.32995409
-0.2040299
-0.16046844
-0.1176108
-0.11895975
-0.2595388
-0.13226084
0.13685088
0.10600082
-0.12165528
-0.10484307
-0.11348
-0.22759576
-0.17420247
-0.16592962
-0.29213762
-0.27793407
-0.20999768
-0.17362782
-0.13729286
-0.12763281
-0.11351486
-0.20328271
-0.30528033
-0.29567432
-0.21149226
-0.11458285
0.11120524
0.20031947
0.2077619
0.14412749
-0.12367538
-0.23548357
-0.34011501
-0.13146713
0.1046538
-0.1198284
-0.13534664
0.11368971
0.1936093
0.17581643
0.13232353
-0.16758409
-0.33554703
-0.37461984
-0.31169572
-0.2274359
0.13492046
0.18332028
0.18989936
0.15792197
0.11823069
-0.29846784
-0.40546811
-0.38748404
-0.32172871
-0.19351131
-0.10437382
0.11588951
0.23009533
0.19920994
0.1317461
-0.10606534
-0.13906354
-0.26491824
-0.35694048
-0.34429547
-0.24774945
-0.19551791
-0.16012776
0.12928112
-0.10814106
-0.11880535
0.11273163
0.16581611
0.11094902
0.13654552
0.15005577
0.13197437
0.12311155
0.15539397
0.12584504
0.12385816
0.10525466
0.16019054
0.1626157
0.23245804
0.14394552
0.12340922
0.19224226
-0.1169831
-0.1262342
-0.11771403
-0.1626351
-0.15845834
-0.18504508
-0.1348412
-0.13888046
-0.12454543
-0.25932151
-0.22731046
-0.21940988
-0.20929626
-0.21734916
-0.13371432
-0.12835763
-0.15140086
-0.2203833
-0.11743578
-0.11942602
-0.11933646
-0.11300495
-0.10361411
-0.22372307
-0.20824574
-0.11713653
0.10449342
0.12299907
0.11097834
0.19922313
0.11723122
0.16233027
-0.12711217
-0.19280019
-0.13210218
-0.25358704
-0.12892821
0.14235295
0.16094026
0.15583175
0.15850173
0.20437056
0.1628035
0.14368089
0.15743695
0.2261114
0.11396113
-0.13391538
-0.12339019
-0.17549939
0.10635895
0.12847312
0.2144192
0.22036259
0.20746078
0.24904412
0.25923055
0.26828781
0.17304522
0.14585592
0.22960243
0.1375244
0.11294416
-0.12958737
0.12470478
0.13874261
0.10597789
0.17482276
0.15552503
0.11631033
-0.12696277
-0.18792734
-0.32906932
-0.27817333
-0.22552045
-0.2117849
-0.11664901
-0.11417219
0.13972431
0.11043433
-0.13005048
-0.15246104
-0.24506271
-0.35549811
-0.48272678
-0.52778465
-0.60022581
-0.70278561
-0.40676367
-0.3403005
-0.28567362
-0.28625268
0.15829384
-0.14879006
-0.117894
-0.29644325
-0.28916338
-0.33901027
-0.48271447
-0.59291983
-0.57235992
-0.49009961
-0.4682768
-0.42081219
-0.17759411
-0.12607816
-0.12106366
-0.21389963
-0.29549748
-0.42423221
-0.33256942
-0.17764167
-0.15062886
-0.12368646
0.11263657
-0.13674739
-0.11936944
-0.11498164
-0.19312136
-0.13683237
-0.18132304
0.1211388
-0.16989975
-0.2166146
-0.21671733
-0.14646028
-0.11130024
0.11618245
-0.18569787
-0.11355781
-0.14121747
-0.10428166
0.11115851
-0.23405136
-0.12549908
-0.15802421
-0.13438684
-0.22059363
-0.10763566
-0.13264358
-0.22167344
0.10578433
0.11828615
0.11066547
-0.15758328
-0.13610801
-0.24250358
0.10970426
-0.11415502
-0.18858524
0.11059054
0.11335888
0.13070476
0.10398484
0.1565084
-0.12561816
0.11401996
0.14831142
0.14622274
0.1691554
-0.13809797
-0.10656416
0.10319285
0.14128859
0.115251
0.16451359
-0.1598182
-0.1404468
-0.10491592
-0.12331343
-0.12137344
0.10754421
0.19279456
0.14810501
0.15941849
0.15575339
0.26985237
0.24887176
0.25504643
0.18893316
-0.10644471
0.17097531
0.21769823
0.16414081
0.10819708
0.18177228
0.14110953
0.14635412
0.20558023
0.11003177
0.20733581
-0.14346473
-0.10971326
-0.11650257
-0.24151617
-0.20669609
-0.1197674
-0.12291232
-0.10715249
-0.14766151
-0.19226009
-0.17225045
-0.14405324
-0.12591571
-0.13588674
0.11336995
-0.11539038
-0.17083748
-0.1717829
-0.15993425
-0.10721869
-0.11758337
-0.16844533
-0.15870695
-0.19647068
-0.14009531
-0.15139994
-0.10914796
-0.13946317
-0.11157429
-0.15607774
-0.11277816
0.14772695
-0.12202765
-0.12735352
-0.22118106
-0.1734291
-0.15757355
-0.14563398
0.11912029
0.14140481
-0.13460748
0.12077605
0.16573057
0.17653245
0.15783131
0.12010695
0.11138754
0.14844531
0.15994126
0.13178308
0.14604793
0.13917686
0.17356806
0.21328153
0.15915303
0.20865762
0.15256281
0.10996219
0.17578495
0.16912638
0.17603809
0.15870702
0.13151588
0.22925563
0.20797536
0.184999
0.22312286
0.14317355
0.10629618
0.19040409
0.21840566
0.23766717
0.1324573
0.11336263
0.17048
0.1315705
0.13713495
0.17482375
0.13939375
0.12621678
0.10766648
0.12029524
0.15659451
0.11320343
0.27308431
0.12039977
0.11793056
0.11326344
-0.13477129
-0.11759798
0.11948776
0.12740414
-0.15274878
-0.11572731
0.10377797
0.23735595
-0.10475326
-0.10578413
-0.1736244
-0.11541761
-0.11387609
-0.13542801
-0.11317419
-0.12209087
0.12320496
-0.13326831
-0.10428124
0.12026113
-0.12802383
0.12640122
-0.10315414
0.12058279
-0.12092695
0.12882514
0.11959784
-0.17492458
-0.1329488
-0.10693912
0.1217612
-0.15233833
0.13706687
-0.12699553
-0.13976505
-0.13781957
-0.10459471
-0.17372234
-0.14663558
-0.13128604
-0.13701312
-0.12661555
0.12007271
-0.11264497
-0.16171867
-0.16568024
0.11596502
-0.14839077
-0.15745015
-0.10842349
-0.14687769
0.21655576
0.160881
-0.15120551
0.13399239
0.1154267
0.10649384
0.13676792
0.16791818
-0.11198141
0.10652827
0.20994946
0.1670475
0.11228272
0.11297269
0.27634665
0.21068197
0.12340123
0.1181994
0.16546142
0.15373062
0.2535497
0.24833567
0.14779417
0.17994122
0.10737481
0.14643173
0.1934405
0.13410154
0.22684674
0.10448129
0.1064871
0.1298299
0.15741184
0.19428624
0.10882316
0.1083926
0.14151317
0.15637885
-0.15659857
-0.16561671
-0.1453812
-0.16064745
-0.14391869
-0.13590322
-0.14562131
-0.14410555
-0.16657238
-0.13116984
-0.14007761
0.11964589
-0.14607051
-0.23582307
-0.17788364
-0.14595424
-0.12066998
-0.10406937
-0.16078532
-0.12272422
-0.19330928
-0.22799124
-0.24222676
-0.22842126
-0.14167957
-0.14964236
-0.16710283
-0.10680059
-0.2032958
-0.24273041
-0.28322768
-0.24268252
-0.26572144
-0.18728948
0.11058438
-0.20327917
-0.11985133
-0.23109251
-0.23617396
-0.17757984
0.180259
0.12502134
-0.18403538
-0.12697871
-0.17021227
-0.21672644
-0.16931599
0.25054997
0.14490378
-0.17813505
-0.17173037
-0.13088413
-0.11443967
0.16587894
0.12651317
0.1136293
0.12384923
0.17341746
0.24040265
0.17133178
-0.2605975
-0.15480751
0.1969952
0.27011472
0.20181215
0.1278239
0.13035551
0.17904636
0.34450495
0.11379225
0.17775427
-0.19463062
0.12455935
0.13819815
0.10465094
0.13221766
0.19769524
-0.12513201
-0.12152777
-0.10396727
0.12603046
-0.13492386
-0.129583
-0.12918435
-0.11687626
-0.10550474
-0.1301519
-0.1465127
0.13208163
-0.15713573
-0.18816175
-0.14436167
-0.11598927
0.15643787
-0.11161627
-0.11006621
-0.21463761
-0.20042832
0.13090129
-0.11574443
-0.10909079
-0.11654618
-0.16986123
-0.11813154
-0.16038761
-0.12063782
-0.11105771
-0.14190377
-0.10527495
-0.20475814
-0.15119618
-0.20752415
-0.18085
-0.12820153
-0.22354329
-0.1676098
-0.19470105
-0.27301657
-0.25655976
-0.17553544
-0.14604999
-0.18153331
-0.1399267
-0.16361308
-0.27070928
-0.1965332
-0.20796859
-0.21000193
0.12594162
-0.10943299
-0.17359573
-0.17312135
-0.14705887
-0.19116104
-0.18211383
-0.14536828
-0.20574893
-0.12096069
-0.10628131
-0.15133476
-0.1622934
-0.13992353
-0.11932283
-0.12587643
0.12475584
-0.12198939
-0.10899737
-0.13225272
0.13054574
0.12718831
0.11321732
0.13411316
0.14212266
0.11686449
0.15030552
0.15483133
0.19474366
0.19819616
0.14931479
0.18881561
0.14392811
0.13115776
-0.11443391
-0.15800993
0.14153287
-0.10326686
0.1205727
0.12331681
0.24728157
0.26415572
0.15708004
-0.16006982
-0.23277621
0.15678406
-0.13629596
-0.13762523
0.14690197
-0.10616381
-0.12350576
-0.14234345
-0.14829606
-0.15127707
-0.11968733
-0.15698105
-0.12157524
-0.12308113
-0.12066109
-0.10399821
-0.13364449
-0.12051108
-0.10409464
-0.2138731
-0.16527973
-0.13197362
-0.14727575
-0.1565825
-0.16863327
0.10771373
-0.10588504
-0.16937581
-0.10352274
-0.12382286
0.1320547
0.12273644
0.11672696
0.11319361
0.13107479
-0.16662495
-0.19232239
-0.16140607
-0.17530943
-0.14498381
0.1232849
0.13547249
0.10341302
0.13164984
0.1312246
0.16404453
-0.12562405
-0.18960522
0.11758523
0.11743369
-0.14740218
-0.11295801
-0.13035585
-0.1407149
-0.10337169
0.13416189
0.1219451
0.14910279
0.10895441
0.10332789
-0.18219115
-0.10556564
-0.15793432
0.16540849
0.12723456
0.11265473
0.10672054
-0.16796824
-0.10874729
-0.1179046
-0.10318273
-0.15227176
0.1079989
0.14307337
-0.12209624
-0.11769654
-0.10990243
-0.14157388
-0.10748853
-0.11605139
-0.10703324
-0.11768857
-0.13599685
-0.11496326
-0.16509213
-0.120631
-0.10832987
-0.15078755
-0.1197312
-0.13392723
-0.12497938
-0.12770115
-0.12613
-0.15746605
-0.11699004
-0.15231036
-0.11865178
-0.18576033
-0.11663636
-0.1143591
-0.11119354
-0.10552897
-0.18180867
0.19163908
0.19461386
0.13434397
-0.13108706
-0.11276568
0.11568011
0.13945125
0.12675177
0.10755217
0.1562003
0.21694802
0.15897548
0.11089425
-0.1072303
-0.11538512
0.11846396
0.19193842
0.23228624
0.17566852
0.22989206
0.23163432
0.1794294
0.12215623
0.12773564
0.12275016
0.12437192
-0.13979526
-0.12152612
-0.12349593
0.20108022
0.20021607
0.14225972
0.12847809
0.16866094
0.15464117
0.19140132
0.2086803
0.19948068
0.1947753
0.14347304
0.1227753
-0.15832339
0.11285036
0.17402054
0.16045283
0.10351916
0.19536789
0.25038153
0.17594101
0.19583574
0.17435132
0.14162819
0.13527812
0.106319
0.15436336
0.21730794
0.16417578
0.10563651
-0.15099639
-0.15306558
-0.11972051
-0.12416451
-0.19420293
-0.21717325
-0.12821594
-0.14694437
-0.12528491
-0.22631297
-0.2503562
-0.21216401
-0.11942305
-0.13470607
-0.10352103
-0.16068292
-0.1253162
-0.12053847
-0.12721407
0.11513683
-0.13018517
-0.14838064
-0.15632935
-0.12983541
-0.13961858
0.13883476
-0.14245203
-0.14196016
-0.13718672
0.11624309
-0.10377251
-0.11384791
0.10339153
-0.19763775
-0.10778429
-0.11365958
-0.17433549
-0.1471971
-0.16778564
-0.12428269
-0.11251089
-0.12340709
-0.14063498
0.15455446
0.10441879
-0.10409439
0.10600494
0.13657187
-0.11282678
0.10976098
0.10438018
0.12236053
0.10909382
0.10541786
0.1296477
0.15259051
0.12876281
0.11356112
0.1041168
0.11882159
0.11425857
0.11914254
0.12578715
0.17454873
0.17909136
0.15120199
0.12207266
0.19771133
0.14326996
0.12748584
0.16557895
0.16797557
0.1277
0.15074709
0.14466205
0.14356099
0.13004681
0.11210324
0.10496571
0.1526002
0.15743761
0.15783705
0.2101955
0.15106337
0.13451064
0.14009514
0.12870391
0.13848624
0.12183164
0.18242167
0.11889792
0.14998148
0.14555769
0.10742158
0.1570214
0.25022811
0.23953517
0.14653195
0.13542524
0.10336572
0.11378162
0.12453292
-0.11814855
-0.1798179
0.11120674
0.12195719
-0.10688073
0.10375299
0.11752197
0.10521965
0.11637053
-0.13539153
0.11302884
0.13847317
0.15104645
0.13309486
0.17309517
0.15157938
0.19625756
0.14935669
0.1853959
0.10364655
0.12776445
0.23125076
0.2144801
0.14406322
0.16675493
0.1301946
0.17723714
0.14252511
0.23948011
0.15354876
0.12465761
-0.14405674
-0.1351939
0.10677823
0.11512785
0.12908345
0.14064454
-0.11135059
0.17208064
0.11738515
-0.10860164
-0.21893936
-0.16275804
-0.12999482
-0.14377916
0.1147293
-0.1067483
-0.1045639
-0.19180503
-0.212898
-0.17259023
-0.21549779
-0.24389753
0.14152962
-0.11464056
-0.1223269
-0.12606232
-0.12054787
-0.13593872
-0.16423874
-0.14108062
-0.14371227
-0.17461859
-0.1048442
-0.10364277
-0.15960291
-0.16544087
-0.12013874
-0.1102306
-0.15678126
-0.19430591
-0.11848099
-0.14288566
0.11654025
-0.16131982
-0.14376245
-0.15212673
-0.20879184
-0.10420489
-0.13849244
-0.12145875
0.10892407
0.13611941
0.13436177
0.12375095
0.11683134
0.13402644
0.12135813
0.11505464
0.14146933
0.1580563
0.11717661
0.14549205
0.2067883
0.17806068
0.11112509
0.17512116
0.10742064
0.13446042
0.12214123
0.12351385
0.22319852
0.12683761
0.19452867
0.15975775
0.1104422
0.15359525
0.13724929
0.12358709
0.15233548
0.11936608
0.14636609
0.12659
0.11261761
0.10656952
0.10950521
0.11493605
0.1159588
0.11356904
0.11185367
0.17647038
0.14334205
0.11207351
0.13522917
0.10775108
0.19502553
-0.10552564
-0.15895025
-0.15030833
-0.10512488
0.10890491
-0.19729373
-0.19103235
-0.11880592
-0.17641191
-0.15566725
-0.12020642
-0.12966938
-0.11760287
-0.13159323
-0.17415532
-0.11759732
-0.12708369
-0.16561769
-0.13648443
-0.15034091
-0.12748934
-0.11099399
-0.1217778
-0.13678797
0.17861058
0.15828422
-0.12023638
0.11666865
-0.15251607
-0.11066205
-0.13051213
-0.16044621
-0.24476944
-0.25267789
-0.1142315
-0.15002815
-0.14760165
-0.19262403
-0.26406196
-0.21753025
-0.26453131
-0.15467811
-0.2020338
-0.17047527
-0.12706096
-0.13075352
-0.12648354
-0.1384525
-0.10643734
0.15246008
0.12150563
0.1487889
0.11523212
0.11264653
0.15421616
0.13160604
0.22835156
0.12504931
0.10823201
0.14337564
0.11258207
0.11036307
0.1509344
0.11152478
0.11186123
0.22427784
0.11306927
0.18748455
0.10921822
0.14052343
0.10757691
0.12973449
0.19729453
0.14354676
0.13716629
-0.1633195
-0.1095548
0.10793848
0.12351446
-0.19378316
-0.11560263
-0.12565018
-0.11464769
-0.17545851
-0.1750558
0.14114298
0.11669618
-0.11217307
-0.18894902
0.10815205
-0.11349332
0.12668785
-0.25861606
0.12451725
0.12527263
-0.11311038
0.11609082
-0.1553808
0.13124169
0.13738129
0.12122028
0.11002991
-0.12117654
0.11956105
0.12603731
-0.13204451
0.14670299
0.10990598
0.12875299
-0.14596945
-0.22301742
-0.16405162
-0.14779736
-0.15422611
0.12097701
-0.14291777
0.10644946
-0.15275279
0.10500201
-0.10465295
0.13720159
0.13136269
0.11993859
-0.12913136
-0.11602158
-0.14280082
0.11505194
-0.15364093
-0.14813997
-0.1604702
0.11782852
-0.11482602
0.12915257
0.13854291
0.11091255
0.10415266
0.12940247
0.1256697
-0.17669235
0.12895867
0.1487482
0.12728405
0.14571404
0.10854887
0.19617222
0.14980625
0.10668608
0.13276248
0.13161421
-0.11106161
-0.10741977
-0.17821044
0.10579404
0.15776838
0.10839283
0.11162304
0.18810833
0.13449021
0.19663244
0.18904515
0.16576353
0.11573984
0.15202981
0.16935681
0.14574064
0.14501028
0.14968137
0.19086616
0.17738877
0.15319154
0.2180502
0.151841
0.12959155
0.11458416
0.13707419
0.1118472
0.15306532
0.15579547
0.18240212
0.14985017
0.23124759
0.21778634
0.18707889
0.21479478
0.21337442
0.13186365
0.14083919
0.12557128
0.12490868
0.13028131
0.11008844
0.11153983
-0.11185022
-0.11892787
-0.10922455
0.13667506
0.13100684
0.1183252
0.17812088
-0.12896115
-0.15093029
-0.16277729
-0.10506061
-0.10616761
-0.15900776
-0.13715985
-0.10640851
0.10525656
0.19833906
0.17129089
-0.11816308
-0.12995677
-0.12326261
-0.16838202
-0.15754341
-0.18118073
-0.17419605
-0.19935137
-0.12912844
-0.10394234
0.16939698
0.12909141
-0.13120057
-0.17233893
-0.16974185
-0.1621616
-0.20637827
-0.18546391
-0.13622938
-0.18573932
-0.14380729
-0.17852871
-0.11262261
-0.10530465
-0.10886404
0.17906918
-0.11235894
-0.1354166
-0.15617378
0.13541362
0.21616068
0.16782533
0.13967423
0.15162233
0.12707976
-0.1815888
-0.17686799
-0.16288228
0.12953937
0.13078798
0.14164762
-0.10663214
-0.22867616
-0.1533535
0.18060444
0.18964097
0.13659137
0.10982101
-0.12537071
-0.1239768
0.14607483
0.15112947
0.14163308
0.10747255
0.13127883
0.12876198
0.11642954
0.13905397
-0.10683072
0.14200829
0.15727459
0.17421415
0.10691723
-0.12202723
-0.16522402
-0.1144148
0.13491914
0.10994932
0.14959909
0.10933486
0.11931545
0.13806811
0.13851832
0.13758832
0.13254277
0.13154203
0.15562779
0.14231591
0.21148777
0.16997789
0.13400678
-0.12940805
0.2060376
0.11018781
0.10539486
0.10444064
0.16042079
0.19370763
0.25020671
0.22268237
0.22901312
0.21470371
-0.13187256
-0.1058824
0.1288811
-0.14726864
0.20594592
0.16209932
0.22513202
0.16697457
0.12671998
0.22047393
0.18015617
-0.10338842
-0.15581924
-0.10391495
-0.13288309
0.13335419
0.11837676
-0.13278018
-0.18842441
-0.18251589
0.1758827
0.1308884
-0.12270842
-0.11097156
-0.15589596
-0.10383154
-0.17878091
-0.15437719
-0.14456242
-0.21461454
-0.1593262
0.22575706
0.10910852
-0.12654459
-0.18806705
-0.17051871
-0.1518525
-0.23454364
-0.25725389
-0.20426038
-0.17553902
-0.15857315
-0.17473437
-0.12455459
-0.11497184
0.1534041
-0.11619466
-0.17983073
-0.2340876
-0.21312347
-0.14381453
-0.16242157
-0.20405407
-0.23311903
-0.13039891
-0.23417644
-0.20071551
-0.15241691
-0.11725584
-0.18992886
-0.14369087
-0.15469073
-0.10877807
-0.11776877
-0.20029823
-0.21149893
-0.31162831
-0.36355311
-0.20929229
-0.36048126
-0.37898242
-0.27377066
-0.32227474
-0.37250701
-0.36702764
-0.41094148
-0.34602165
-0.17263018
-0.11616548
-0.14190257
-0.11271435
-0.19050997
-0.1058297
-0.12816577
-0.15832615
-0.26746479
-0.24178019
-0.21770036
-0.20198996
-0.10851254
-0.24622692
-0.18630633
-0.2973446
-0.20233922
-0.14321208
-0.25982103
-0.12112746
-0.13672645
-0.12303608
0.10495932
-0.11759181
-0.16349699
-0.23334724
-0.13027684
-0.112644
-0.11427405
-0.15034229
-0.11162251
-0.11160282
-0.10801158
-0.11672964
-0.10830774
-0.11184572
-0.18198043
-0.13040251
-0.16472334
0.13584645
-0.11951701
-0.18112925
-0.17675234
0.16319223
0.17641674
-0.11852235
-0.14786962
-0.14816038
-0.21928187
-0.17792968
-0.11652078
0.12033805
0.12157705
-0.1051203
-0.1657633
-0.16660775
-0.10865334
0.14317778
0.12277716
-0.10815271
-0.13889152
-0.12803692
0.14383921
-0.10546828
0.1396835
-0.1095858
0.12053119
0.15260254
0.15000698
0.19710442
0.16886733
0.17501846
0.12332463
0.17134039
0.20218788
0.12263993
0.12101153
0.28615114
0.31598181
0.15272881
0.10789447
0.19335873
0.17320104
0.10849365
0.20279717
0.23973365
-0.12438244
-0.1060283
0.15383632
0.18658376
-0.16519336
0.13671567
0.19835894
-0.12130498
0.1087534
-0.17123923
-0.13849241
0.30491152
0.13253644
-0.10534386
0.11484209
0.23344219
0.21441823
0.25768331
-0.10625894
-0.13214788
-0.11014811
-0.10557732
0.23406085
0.24266312
0.30221871
-0.10337497
-0.13302211
-0.10437877
-0.12968163
-0.11142105
0.19212843
0.23959351
0.19779821
0.1047828
-0.11927091
0.11253422
0.15654147
0.31023243
0.33205971
0.17873354
0.13274698
0.154403
0.17587221
0.11222425
0.23561491
0.10526745
0.16936381
-0.14382786
0.10463464
0.14480205
0.11695432
0.14334986
-0.11154094
-0.11322383
0.11018157
0.11246146
0.13500299
0.12647188
0.14896512
0.17171139
0.10559628
0.13493076
0.11040469
0.11301493
0.18249565
-0.11274196
0.11493198
0.13377093
-0.11639781
-0.11138307
-0.17590261
-0.16456407
-0.10974878
0.13174191
0.12714812
0.15338033
-0.1065151
-0.12941219
-0.10531048
-0.14182174
-0.11900318
-0.19121405
-0.21114361
-0.11836585
-0.10731103
-0.15122336
-0.1316615
-0.12240304
-0.18554415
-0.17248376
-0.12045087
-0.12409259
-0.10818125
-0.20454641
-0.11302698
-0.13253868
-0.13210459
-0.12826164
0.12584051
0.15163577
-0.11091481
-0.1081959
0.10579179
-0.13279366
-0.16858754
-0.12271579
-0.10421631
-0.13117155
-0.12493195
-0.14339763
-0.1319695
-0.23891765
0.12381747
0.11614078
-0.15020178
-0.17739297
-0.11846408
-0.1531603
-0.12534516
0.11703669
0.13388449
0.13625044
-0.12490958
0.12959532
0.15147659
0.11611473
0.13504077
0.13793975
0.11822671
0.11857756
-0.14112091
0.1075814
0.1337654
0.20191386
0.26062959
0.1899225
0.15183865
0.10481714
-0.11816764
0.16066317
0.34249529
0.23192142
0.12449644
-0.17137147
-0.13240997
0.11087351
0.12883739
0.11104997
-0.13690753
-0.13144174
0.12440746
-0.1154171
0.11708771
0.18918015
-0.11610535
-0.11932085
-0.11918877
-0.12921143
-0.12743387
-0.14958918
-0.22457021
-0.13263883
-0.1444291
-0.16221935
-0.19168761
-0.12986773
-0.22186072
-0.14928061
-0.11769325
-0.14262077
-0.111328
-0.14506395
-0.1283647
-0.18784386
-0.13044435
0.11179736
0.1084909
0.10983144
0.10986278
0.10316639
-0.11374632
-0.17438777
-0.2534782
-0.1097176
-0.204042
-0.13255182
-0.14161727
-0.15016411
-0.14240761
-0.13547841
-0.10576843
0.11959173
0.11843912
0.11113631
0.11621298
-0.14749801
0.21027288
0.15708657
0.14857364
0.13470501
0.15405543
0.12916096
0.24091075
0.19776982
0.17273875
0.24963869
0.31551436
0.18577354
0.20742922
0.22130312
0.14564171
0.11508366
0.12797256
0.1513762
0.1421679
0.16292736
-0.11726438
-0.12672713
-0.11673625
-0.16330494
-0.15263318
-0.14532585
-0.1438776
0.1756264
0.1121424
0.16319767
0.16637821
0.16940561
0.19645086
0.11059963
0.12604591
0.1178713
-0.16490225
-0.16241728
-0.15077443
-0.12753361
-0.14882554
0.13735901
0.11293507
0.11766938
0.18523777
0.12379419
0.10360425
-0.14689824
-0.10392337
-0.17796487
-0.14869648
-0.14191814
-0.15765943
0.14752671
0.20841324
0.20091976
-0.14544553
-0.13525908
-0.19334865
-0.22402963
-0.18383481
-0.15568981
0.12877972
0.13154225
0.14537825
-0.16181907
-0.17769314
-0.11607773
0.16678059
0.14116414
0.10695287
0.12280256
-0.18422809
0.16301389
0.1360141
0.1472826
0.1780746
0.14621821
0.18887354
0.12565476
-0.31359032
-0.15279011
0.1209026
0.10591419
0.11941183
-0.13864632
0.17036298
0.13093634
0.11554743
0.13228734
-0.40094888
-0.21454749
-0.12624939
-0.12586434
0.13447382
0.11880553
-0.12757504
-0.15702811
-0.10398256
-0.13519515
-0.13824406
-0.20276053
-0.2037022
-0.11200245
-0.17611611
-0.20195025
-0.16327198
-0.12969109
-0.16416343
-0.11228409
0.10634366
-0.12643331
-0.16347744
-0.12399313
-0.13946711
0.12198634
-0.22218576
-0.111339
0.15436111
-0.35382167
-0.17463174
0.1558314
0.12766264
-0.11480504
0.10641855
-0.12480082
-0.307437
0.11185026
0.1685621
0.14884992
-0.11984526
-0.11476484
-0.25860777
-0.26861125
-0.13994455
0.17679664
0.10907295
0.12716313
-0.12069419
-0.13564943
-0.20595494
-0.1868636
0.10706428
-0.10399
-0.12121206
-0.13567889
-0.11032265
-0.12742108
-0.10497361
-0.11660298
0.14253403
0.12146276
-0.11136472
-0.11010762
0.11525982
0.15234777
0.19243631
0.15704843
0.11682431
0.11629349
0.10442488
0.16414584
0.1124235
0.10340428
0.13034804
0.1227109
0.12476499
0.13494442
0.21293421
0.22326533
0.20872912
0.17851311
0.23578694
0.33941078
0.21705604
0.25581226
0.23383138
0.23137411
0.20655827
0.27557582
0.3304345
0.25065869
0.15932481
-0.17154837
-0.11930023
0.14103709
0.1168654
0.23653623
0.16091354
0.14637586
0.13625549
0.13532306
-0.13511422
-0.12929094
-0.12982284
-0.11979302
-0.10615041
-0.11271092
-0.10403489
-0.10847378
-0.12683402
-0.10910878
-0.14267734
-0.16439454
-0.25446361
-0.29346496
-0.22388333
-0.20827256
-0.13419721
-0.12952456
-0.1051724
-0.11283851
-0.12024973
-0.11062557
-0.12596489
-0.13307226
-0.15367799
-0.17411499
0.12448301
-0.10959156
-0.10617136
0.13386048
0.12437362
0.11526295
0.11033545
-0.12259669
-0.17477162
0.14112414
0.12533098
0.12006465
0.13812977
0.10408266
0.14787678
0.12036945
0.13864873
0.1056699
0.15951516
0.15347111
0.13663596
0.12377901
0.15371399
0.12362114
0.13124348
0.21450794
0.18691804
0.12459619
0.10809405
0.14910501
0.16780087
0.23245716
0.18531302
0.11165746
0.12524736
0.13269992
0.17486076
0.17725213
0.13687724
0.14261702
0.12488489
0.1274181
0.13281076
0.11124676
0.14537057
0.12434386
0.11175472
0.1336959
0.23234968
-0.1109568
-0.12054393
-0.18914868
-0.15321107
-0.11700855
0.12391686
0.14552732
0.10896897
-0.10824988
-0.20044358
-0.13846798
0.12230448
-0.32616839
-0.13192135
-0.1346568
-0.16550533
-0.13945349
0.10706306
-0.12385644
-0.2041925
-0.1853234
-0.15026964
0.13942273
-0.16192444
-0.12272793
-0.25177321
-0.21203518
-0.14885761
-0.11382363
0.13438986
-0.12992387
-0.16578357
-0.1989004
-0.11009768
-0.10702128
-0.11317468
-0.13201889
-0.15336126
-0.23166342
-0.13661973
-0.15503994
-0.17556652
-0.18157555
-0.19367203
-0.12418951
-0.15028888
-0.19506146
-0.22164132
-0.16373047
-0.12825735
-0.15312321
0.18494707
0.18656822
0.12360691
0.10443706
-0.10590263
-0.10814203
-0.20508407
-0.1478755
-0.12587647
0.12843475
0.12749833
0.14924954
0.15334868
0.12930235
0.14235896
0.20934913
0.30410981
0.17673811
0.22099608
0.25799942
0.13485552
0.12228929
0.15601464
0.17853886
0.114173
0.15784991
0.10467039
0.12808792
0.15493304
0.17586307
0.25438276
0.11190768
0.1261276
0.29094589
0.24810882
0.17319304
0.1399779
0.11882098
0.16945986
0.10948724
0.12925918
0.12932894
0.19314985
0.17341802
0.19785577
0.10787759
0.13528983
0.13923568
0.14993984
-0.13736729
-0.15323548
0.14279056
-0.21383405
-0.18169729
-0.11454616
0.12074599
0.12519638
0.12773326
-0.109028
-0.11793827
0.12636666
0.14833973
-0.1745282
0.13394846
0.14341094
0.12720262
-0.16764377
0.15872787
0.1759773
0.12593739
-0.12821281
-0.11554668
0.11267947
-0.15003566
-0.1921076
0.11967003
-0.12562576
-0.1910879
-0.11359416
-0.12208094
-0.1299459
-0.10318165
-0.14597569
-0.22204882
-0.1958704
-0.10907073
0.15312262
-0.10933192
-0.1981369
-0.2438011
-0.3125529
-0.28589016
-0.3018291
-0.40252006
-0.26991412
-0.35336098
-0.34001797
-0.23581974
-0.10789582
-0.10797517
-0.25685364
-0.22881089
-0.25492606
-0.35843411
-0.46940625
-0.54503262
-0.52388906
-0.47076568
-0.30453673
-0.23283286
-0.14795473
-0.10536974
-0.21884826
-0.32747951
-0.46003947
-0.43919009
-0.32281941
-0.25321135
-0.16436258
0.11028536
0.18091559
0.15048356
0.13854025
-0.15149142
-0.19845255
0.13753185
0.18281265
0.1900512
0.26433703
0.22798403
0.15308261
0.14562841
0.21720125
0.10630602
0.10436284
0.13969037
0.17584789
0.15181805
0.15358177
0.1820444
0.17728217
0.21934888
0.18636896
0.12561859
0.10433577
0.19041163
0.10806368
0.11510497
0.18934032
0.20829567
0.13492018
0.14959373
0.15308063
0.12413694
0.14932194
0.16855246
0.13340381
0.13223207
0.2103913
0.12697379
0.16737123
0.12564877
0.18421927
0.10618105
0.11648214
0.10586341
0.14253438
0.12679939
0.16825038
0.20585188
0.15186939
0.10752071
0.14682765
0.16377871
0.14620844
-0.12234265
0.12259683
0.13398254
0.11056225
-0.10555156
-0.12243696
-0.10372964
0.12057056
-0.11732667
-0.10504858
-0.10520204
0.10352758
-0.12488075
-0.19262229
-0.14401726
0.11865361
0.14621212
-0.11354355
-0.1394181
0.16380949
-0.12852575
-0.13357241
0.11160047
0.21104273
0.14379063
0.17643544
0.21313702
0.17180923
-0.13084954
-0.15173005
-0.14119349
-0.17729573
-0.12990487
-0.10386037
0.14617339
0.13748108
0.12768939
-0.10636984
-0.16019201
-0.11900576
0.1132952
-0.10720658
-0.11794356
-0.19388689
-0.16452631
-0.10599718
0.11816035
-0.15322396
-0.20337209
-0.26228741
-0.23319216
-0.15878767
-0.11767872
-0.1388087
-0.15638277
-0.11607529
-0.1263371
-0.14312166
-0.15784417
-0.1625492
-0.21754958
-0.17166206
-0.15283842
-0.18648422
-0.11212994
-0.11119355
-0.21756321
-0.19462621
-0.20744206
-0.23281233
-0.17378516
-0.15158217
-0.16350305
-0.11089813
-0.17506298
-0.21112597
-0.21176152
-0.19710755
-0.263394
-0.22075111
-0.1804304
-0.15212268
-0.24218312
-0.235517
-0.19780731
-0.17018887
-0.12453671
-0.11847611
-0.17138259
-0.13073973
-0.10456657
-0.12840685
-0.11011826
-0.11780539
-0.12782159
-0.16039082
0.11665845
-0.11787542
-0.11174615
-0.20081097
-0.19589458
-0.15383066
-0.10376915
-0.13075539
0.12345997
-0.21023934
-0.22025731
-0.11958743
-0.1336388
-0.12156364
0.14715368
-0.21395586
-0.15592216
-0.10669024
-0.15589876
0.11265905
0.10734452
-0.11129542
-0.19538109
-0.17237267
-0.10680678
0.11158828
-0.10585765
-0.17226483
-0.20273685
-0.23163177
-0.23149639
-0.14656889
0.19277333
0.10658016
0.11245605
0.11599798
0.1037663
-0.15084477
-0.26986572
-0.28037471
-0.17796567
-0.19364762
0.11759037
0.12057376
0.10337883
-0.18368421
-0.23857605
-0.22981255
-0.1192188
0.14021187
0.16002204
0.15701431
0.11700168
-0.11869568
-0.13549298
-0.20356591
-0.23406908
-0.15641235
0.17948891
0.13043746
0.15110652
0.13094442
-0.11759813
-0.11886127
0.18786019
0.18640424
0.12666428
0.15327792
0.12128489
0.21841933
0.15301186
0.1359424
0.19870941
0.18427253
0.15172887
-0.12226729
-0.12903373
0.12016393
0.10700198
0.11325467
0.19392227
0.1100556
0.19682121
0.113511
0.13630648
0.16470796
-0.11944024
0.13657959
-0.11923318
-0.16299719
-0.10958817
0.14937392
-0.18372494
-0.1058454
-0.16493708
-0.1338522
-0.14124323
-0.13617715
-0.20155989
-0.13663712
0.10854792
-0.1040654
0.11143231
0.18245651
0.11356204
0.17210455
0.18852636
0.10639466
0.12360258
0.12419921
-0.12293943
0.19029543
0.149371
0.10453856
-0.10443924
-0.12451132
-0.13535418
-0.1188103
-0.16450308
-0.16031025
0.13338351
0.11315884
0.15065666
0.17093305
0.13996626
-0.11147377
0.11301289
0.12701677
0.15279645
0.16489872
0.16907543
0.23803936
0.20188083
-0.11689861
-0.18979327
-0.15752712
0.12582456
0.13977052
-0.13726068
0.12402641
-0.11692248
0.10502949
0.11570099
-0.12340204
-0.13601419
-0.1813826
-0.11466812
0.13484205
-0.19212793
-0.11678865
0.14025004
-0.10803339
-0.12383372
-0.20351069
-0.16296446
-0.18020989
-0.14138067
-0.11779051
0.12005123
-0.14096427
-0.12252118
-0.10889377
0.11744396
-0.12067733
0.12974776
0.10659587
-0.18217814
0.12576859
0.20269997
0.11206914
0.16698863
0.1775651
0.18269335
0.15217759
0.12001999
0.14873032
0.11703177
0.16715275
0.11811038
0.124214
0.11604477
0.11189697
0.12591073
0.15848123
0.13987245
0.1276833
0.11019144
0.12391675
0.12495842
0.14756043
0.14274594
0.11303576
0.12020899
0.11679129
0.11313742
0.15279683
0.21844926
0.11173615
0.22133684
0.1527092
0.13504077
0.11672278
0.12284394
-0.10839474
0.12352515
0.13423465
0.14486034
0.1092594
0.11739109
0.12530644
0.14212155
0.1233101
-0.11363792
-0.24910642
-0.1644339
-0.15557866
0.16175586
0.1285625
0.19952586
0.13343011
0.12865573
0.14142065
-0.12412836
0.14415491
0.14377943
0.131014
0.13174243
0.12511185
0.12767591
0.10362988
-0.11197732
0.12114629
0.20139126
0.16520333
0.12703118
0.16183195
0.1558055
0.15519145
0.11479087
0.12281774
0.18021342
-0.12638198
-0.10886291
0.1887055
0.12075428
-0.1911557
-0.11193513
-0.10315109
0.20374084
0.12547015
-0.10767569
-0.11048382
-0.10890119
-0.13689372
-0.1256924
-0.125646
-0.11956502
0.10722576
-0.11105686
-0.11055958
-0.16310059
-0.11741477
0.12046623
-0.10524415
-0.10539538
-0.12461516
0.19897759
0.15164228
-0.10715137
-0.14146398
-0.1031841
0.10483813
0.13487993
0.21097365
0.10385364
-0.16396873
-0.11948521
-0.11560179
0.20877938
0.11666161
0.12890783
-0.12910376
-0.11589719
-0.10517943
-0.15088409
-0.14432335
0.13631928
-0.10885948
-0.17513639
-0.10446209
-0.11738972
-0.13636009
-0.13487427
-0.13590382
-0.16612516
-0.1127812
-0.12481939
-0.19839835
-0.10782722
-0.10615274
-0.10812043
-0.10362642
-0.16776291
-0.11994883
-0.15508048
-0.18522298
-0.1197921
-0.10364944
0.1273687
-0.11095935
-0.16122538
0.11081063
-0.15244439
-0.15366307
0.11780429
-0.1606314
-0.11658195
-0.12564231
-0.17192447
-0.11355717
-0.1417473
0.1148024
0.12706208
-0.1092614
-0.13979343
0.10535403
0.18156308
0.10799803
0.12992692
-0.10609712
-0.12564167
-0.10964198
-0.1437256
0.10679559
0.10413272
0.16077912
0.18201007
0.14045748
-0.11854731
-0.14560701
-0.12301007
-0.14688583
-0.12172595
-0.13670589
-0.11399808
-0.12904301
-0.17310278
-0.11216936
-0.21958904
-0.29869461
-0.22074005
-0.14475451
-0.15363185
-0.21350843
-0.22350994
-0.24544801
-0.21146967
-0.13517892
-0.26970413
-0.3298955
-0.24915153
-0.22595288
-0.10544299
-0.14493147
-0.19512892
-0.11840509
-0.12525873
-0.19603504
-0.35552543
-0.27755961
-0.18249552
-0.21346912
-0.11973518
-0.17645781
-0.14357339
-0.13947085
-0.11882046
-0.12893572
-0.152915
-0.15789707
0.13129637
0.13603421
-0.153024
0.14788188
0.20470111
-0.11020519
0.10546542
0.12976989
0.10321033
0.10486759
-0.11831647
0.25103375
0.13059255
-0.12440486
0.21076494
-0.10924828
0.1676953
0.2502737
0.1237711
0.15783826
0.10714784
0.15031585
0.12766153
-0.11862446
-0.18277144
0.11107321
0.23836195
0.13656071
0.10760742
0.11270771
0.15711372
0.15107968
0.16525154
-0.18690179
-0.15395162
-0.22748165
0.171388
0.11386622
0.13365456
0.12877457
0.17715244
0.17817466
0.17985608
0.16507947
0.16219492
0.15270919
0.16289291
-0.17974164
-0.19387017
0.12138163
0.13587427
0.11310761
0.19349337
0.14419729
0.13327865
0.13545121
-0.29614109
-0.11800656
-0.16717909
0.13183732
-0.10452485
0.12296929
-0.14173102
-0.16284403
-0.17083335
0.19519435
-0.14854451
-0.13667463
-0.19485177
-0.19618519
-0.20947209
-0.18658224
-0.24623561
-0.12509032
-0.11426293
-0.18501081
-0.11757962
-0.20877954
-0.22617592
0.10952687
0.13515808
-0.21045791
-0.2770198
-0.23809728
-0.34604675
-0.30533242
-0.36422411
-0.33112279
-0.26244465
-0.12765719
-0.10835297
-0.16165824
-0.22884156
-0.21470767
-0.10663383
-0.26777992
-0.2917392
-0.30357841
-0.1158192
-0.12642458
-0.2282902
-0.1936181
-0.29846355
-0.288663
-0.32329124
-0.25914282
-0.18363583
-0.12632698
-0.14382339
-0.22868478
-0.2363373
-0.15609908
-0.14788818
-0.14171569
-0.1806592
-0.15333056
-0.16240007
-0.13855478
-0.13138674
-0.12943974
-0.15674868
-0.15708193
-0.21338572
-0.29599103
-0.20954037
-0.13966995
-0.13341618
-0.10399085
-0.12367146
-0.13929555
-0.14548752
-0.15689385
-0.21684048
-0.12274268
0.153234
-0.11136074
-0.1123165
-0.12391166
-0.11725698
0.14567003
-0.10353915
-0.1067992
-0.12634654
-0.17971621
-0.16369927
-0.13083459
-0.12932383
-0.1072366
-0.15728678
0.14621583
0.13539085
0.10927737
0.16024823
0.12485329
0.15044306
0.11158559
0.17876284
0.13001633
-0.12087099
-0.23362741
-0.18266441
-0.13469678
-0.1183956
-0.10931681
-0.10441652
-0.11367349
-0.18772304
-0.13385692
-0.11083572
-0.14375345
-0.20709084
-0.177176
-0.20355625
-0.18880451
-0.13273147
-0.10757913
-0.14756918
-0.125154
-0.10332245
-0.17069364
-0.1147612
0.10795654
0.11073438
0.10409866
0.1156813
-0.12965095
0.11975285
0.16131248
0.16107914
0.12933324
-0.12859029
0.20308976
0.20878424
0.13323581
0.11778743
0.11928603
-0.1236551
0.13627271
0.12483803
0.15236938
-0.12387545
0.1378295
0.13609742
0.11596383
0.10732646
-0.23186766
-0.15533014
0.12480082
0.16774629
0.26283544
0.12388019
0.14299513
-0.24552719
-0.22185323
0.15039557
-0.21902139
0.14729539
0.20670913
0.17954649
0.17495899
0.13377757
-0.26229215
-0.21783988
-0.12579338
0.17418405
0.23331375
0.17704113
0.11638911
-0.17357643
-0.27154908
-0.18681155
0.27531114
-0.1454792
-0.20309654
-0.13577092
0.10336836
0.112179
0.19837953
0.1602114
0.13593404
-0.15928192
-0.26585564
0.11722712
0.12986834
0.1449644
0.18408395
0.10796835
0.13419385
-0.11709908
-0.10854656
-0.27375969
-0.26254392
0.13229515
0.18462014
0.23442969
0.14089464
0.13829462
0.1630193
0.10688747
0.14629194
-0.10794559
-0.32129148
-0.38353717
-0.1060356
0.16315281
0.16356589
0.2293935
0.24391469
0.11211474
0.14576134
-0.1040024
-0.19348778
-0.38102007
-0.35194027
0.21176408
0.25917402
0.21787584
0.17171872
-0.14344449
0.14953053
-0.12613413
-0.1600818
-0.23809938
-0.37284046
-0.23757015
0.11837713
0.25009406
0.22027659
0.10571944
-0.10556466
-0.14274621
0.17060083
-0.11989293
-0.18446481
-0.15963639
-0.13427795
0.13424753
-0.13285489
-0.1092664
-0.12242296
0.11826073
0.15625717
-0.10980383
-0.1237186
0.10378648
0.21146409
0.10478196
0.10720543
0.10895996
0.21289343
0.16083094
-0.11467569
0.10463347
0.1170331
0.10526069
0.13320817
-0.1319505
-0.15513314
0.11743097
-0.20403336
-0.10397028
0.16689152
-0.22895077
0.11701617
-0.13454358
-0.10754677
-0.11354257
-0.22203161
-0.11099946
-0.12138867
-0.12490848
-0.10522567
0.13237011
0.13156296
-0.11747764
0.18215398
0.17314118
0.13348638
0.14903425
-0.22463845
-0.17943218
-0.1399245
-0.11270885
-0.10705651
0.11027368
-0.13621886
-0.18276995
-0.12772301
0.13030683
-0.13139364
-0.11888407
-0.14001398
-0.1074718
-0.13408263
0.15681195
-0.1044374
-0.13897961
-0.13377769
-0.10907032
0.12674896
-0.12169773
0.13315628
0.11295186
0.18515475
0.11204157
-0.11759517
0.11086484
0.15354308
0.14234167
0.20042901
-0.11569394
0.1593985
0.11890245
0.12126528
0.13450724
0.23426935
0.23055966
0.24220245
0.23482651
0.17731479
0.14242114
0.1565088
0.10858659
0.10526021
0.10844645
0.12756962
0.2754046
0.25438684
0.17243958
0.21195054
0.1548882
0.16018023
0.12024511
0.1289008
0.10921314
0.18248126
0.1248455
0.2344058
0.14155394
-0.15255526
-0.14714167
0.13074411
-0.11976384
-0.14987586
-0.13255666
-0.13289629
0.24328321
-0.18097579
-0.12205929
0.12433327
0.14121246
-0.12863533
0.13084418
-0.10990259
-0.24384117
-0.14096335
0.11241622
0.19922793
-0.11243799
-0.12854072
-0.18132851
-0.20415685
-0.20491688
-0.17491448
-0.14478107
-0.13514985
-0.14001574
-0.13068965
-0.17742527
-0.17533432
0.10899069
-0.11930366
-0.1249596
0.12818338
-0.15460241
-0.19005319
-0.14898899
-0.10572848
-0.10636304
0.11065205
0.12034535
-0.16494299
0.1369357
0.10638401
0.13461685
-0.16496946
0.10527039
-0.12349421
0.11366058
-0.15434098
-0.17371255
0.11434291
0.11727943
-0.1304353
-0.15169822
0.11221957
0.14573719
0.15696122
0.17390896
0.12461896
0.11515539
-0.14251922
-0.1146742
0.17652257
0.16592783
0.10742397
0.1169406
0.14200728
0.13126017
0.23508082
-0.12292087
0.13324438
0.13746066
0.2153784
0.18758495
0.13949333
0.28568557
0.25308731
0.16322733
0.18074228
0.22625025
0.2546297
0.3152712
0.23618813
0.12388335
0.16216408
0.12698807
0.14389306
0.10672319
0.12958369
0.17557161
0.17086151
0.14064164
0.10789829
0.11972978
-0.12959459
-0.11441431
-0.12780082
-0.15594122
0.11711256
-0.13192223
-0.11381076
-0.11625892
-0.1486679
-0.1622085
-0.10326298
-0.11762483
0.11310893
0.14059708
0.17118418
0.12226861
0.12378716
0.1524699
-0.17615314
-0.18873513
-0.11958337
-0.12689409
-0.11084063
-0.13362537
-0.10945729
0.13469835
0.1845704
0.14311323
0.12849557
-0.22898497
-0.31344548
-0.14710286
0.16224597
0.16223925
0.10884439
-0.20914219
-0.23630504
0.17757988
0.13691127
0.29601029
0.12276471
0.11231306
-0.14429742
-0.15930234
-0.10482593
0.14135051
0.13273937
0.1223194
0.14973325
0.15868376
-0.17359389
0.13398939
0.11454897
0.11911881
0.15572704
0.10831238
0.16396374
0.17661484
0.15704621
0.13659471
0.20879242
0.12849034
-0.14528595
-0.15802835
0.124179
0.2340769
0.18900083
0.11042598
0.1210716
0.1317583
0.21705776
0.15827194
0.1221288
0.19213706
0.1953436
-0.33158702
-0.31874567
0.14468063
0.17487633
0.14079964
0.22347382
0.1542294
-0.13856758
0.13199802
0.26622325
0.1781892
-0.10578448
-0.40451941
-0.24251391
-0.15064856
0.15089674
0.18598913
0.23901552
-0.15027888
0.13636161
0.14406876
0.17425354
-0.30414453
-0.38589212
-0.12702715
0.11500675
0.16664703
0.27817026
0.15090577
0.19644111
0.10531227
-0.12560298
-0.26934573
-0.235826
-0.11592627
0.17671007
0.13007143
-0.18914381
0.18630655
0.11108038
0.13185441
0.10893473
0.10706909
-0.12696181
-0.22181632
-0.10486339
-0.11407699
0.10836923
-0.11552273
-0.14215444
-0.14778852
0.10747774
-0.17116456
-0.22232465
-0.18320429
-0.20513189
-0.1345901
0.12279116
-0.19211736
-0.19121519
-0.17757389
0.1155685
-0.13119899
0.14728506
0.16468398
-0.16946529
-0.16838311
0.13165139
0.16120394
-0.21118872
-0.14726891
-0.15308829
-0.13581322
0.10796229
-0.11494447
-0.15923174
-0.12590952
-0.13663481
-0.11787923
-0.10641494
-0.10559924
0.10331663
0.11992041
0.12964991
0.11133116
-0.11923401
0.11286539
0.11263652
0.13114239
0.14060436
0.14986588
0.11605883
-0.13491547
-0.19749913
-0.1240647
-0.1438558
-0.10332055
-0.13312685
-0.10326193
-0.12205774
-0.13113594
-0.13628635
-0.12218373
-0.13052964
-0.20701891
-0.20937853
-0.21855685
-0.17829157
-0.15284677
-0.10495801
-0.12954
-0.11342087
0.12475595
0.17146815
-0.14857146
-0.13371375
0.14766447
0.11609276
0.14859071
0.11600106
0.1207279
0.15813108
0.11539276
0.11661069
0.11379984
0.11852614
0.12537488
0.2042603
0.13009316
0.14545117
0.27492759
0.23174828
0.24507183
0.18346164
0.15874518
0.21185322
0.23410843
0.23090252
0.27046505
0.14570391
0.11899111
0.16608255
0.15749067
0.10328101
0.13174473
0.16387659
0.10503738
0.19845359
0.17180356
0.11641853
0.11162446
0.13360184
0.13946661
-0.11510786
0.10876448
0.10389371
0.10789526
0.15803571
0.13241793
0.24470763
0.14733973
0.10556639
0.2382367
0.14213912
0.13194036
0.130816
0.11253633
0.10686035
-0.11443403
-0.14450784
-0.14077365
-0.17450835
-0.21978787
-0.20471717
-0.1074544
-0.12411637
0.1281893
0.15446842
-0.1645308
0.10951714
0.10960755
-0.1735296
-0.22648169
-0.11832438
-0.11661679
0.14758727
0.1166006
0.12212364
0.1394259
-0.2707153
-0.13217852
0.13487242
0.16492887
0.12260227
-0.18784362
0.1720271
-0.11568504
0.14259891
0.17896529
0.11830311
0.12694742
0.15976061
0.16230761
0.10795384
0.13266973
-0.10677589
0.11893544
0.1162902
-0.15948652
-0.13707662
0.10360415
0.14304157
-0.10940322
-0.1379143
-0.11853165
0.12538286
-0.10873198
-0.15359256
0.13834251
0.11145991
-0.11266667
0.12391243
-0.10895539
-0.22515832
-0.23124067
-0.20119824
0.11856253
-0.17869174
0.11920498
0.1439589
0.12301657
-0.10336706
-0.10673804
-0.11417273
-0.13286059
-0.16638814
-0.16168138
0.14713164
0.15242706
-0.15104124
-0.13022064
-0.1280369
-0.16535811
-0.11507692
-0.11132412
-0.16009767
-0.10725487
-0.18783642
-0.1985088
-0.12557228
-0.16328624
-0.10981433
-0.10545472
-0.17006983
-0.12148492
-0.17225675
-0.10659435
-0.12917082
-0.14653538
0.10436611
-0.11428303
-0.10549138
-0.12493911
-0.12374964
0.13532147
-0.1052286
-0.12037071
0.11579844
0.11448932
0.13432749
-0.12421441
0.15416579
0.11305364
0.14058763
0.11854237
0.12062134
0.22512603
0.14202157
-0.13082097
0.10374571
0.11113517
0.23362847
0.10955091
0.10894044
0.1403698
0.12520288
0.16200171
0.12441944
0.12981121
0.11039852
0.13720249
0.161994
0.14966118
0.10903328
0.10383195
0.14489807
0.18430403
0.24780805
0.13318411
0.1063402
0.11682789
-0.10712935
0.13721979
0.15583907
0.12467965
-0.13527292
-0.1101193
0.11100236
-0.18639901
-0.13092577
-0.24023457
-0.15511712
-0.12561749
-0.15904553
-0.15149291
-0.1536482
0.14920117
-0.10863674
-0.30711266
-0.31772709
-0.34460664
-0.32698271
-0.21028498
-0.15387999
-0.12483915
-0.1519649
-0.11275025
-0.11205319
-0.18200578
0.15410431
0.10476293
-0.17992687
-0.31121492
-0.35713783
-0.2990489
-0.20717756
-0.15466116
-0.14471689
-0.11317467
0.11343317
-0.10579363
-0.12714583
0.11752906
-0.11174034
-0.18315403
-0.20956746
-0.23196629
-0.15293154
-0.14815551
0.10755698
0.12927237
0.148195
0.14546141
0.12779951
0.12926523
0.15452833
0.12646405
0.19960169
0.18696243
0.16872063
0.12961857
0.12326606
0.1223952
0.13034211
0.20913702
0.11829237
0.18226948
0.16891474
0.12961794
0.16411507
0.13011037
0.10926544
0.10503877
0.11099546
0.10475509
0.12949342
0.21409665
0.14920615
0.17234874
0.13480689
-0.16730772
0.12133999
0.17363676
0.1056632
0.13655043
-0.17834668
-0.13489056
0.13806926
0.110355
-0.1063398
0.15329738
0.13408317
0.11870291
0.10986155
0.11208326
0.15302411
0.16244458
0.10752686
0.10548249
0.17463155
-0.17040895
-0.13545005
-0.13153188
-0.13704853
-0.15744698
-0.15822145
0.15203358
0.12785001
0.12192227
0.1411844
0.16027376
0.115118
0.11570645
0.16310872
0.16692042
0.14976658
0.18239452
0.18434657
0.13126592
0.11790542
0.12261048
0.13048512
0.20159182
0.26387537
0.20756301
0.19608371
0.1489924
0.15473369
0.11315611
0.11174079
0.17806335
0.19911908
0.23405372
0.12424276
-0.11028939
0.1170553
-0.13077816
0.10913274
-0.15907608
-0.25258273
-0.13600899
-0.14281584
0.11446845
-0.13224185
-0.13456708
-0.13626981
-0.15880254
-0.25039661
-0.22388747
-0.12161231
0.11540207
-0.12524372
-0.12592436
-0.13553728
-0.13938898
-0.15344191
-0.1487174
0.12747936
0.19990265
0.18587106
-0.15024853
-0.22593184
-0.13191299
-0.1453781
-0.14424491
-0.18757978
-0.16627677
-0.14482714
-0.13645619
0.14590341
0.17360367
0.22099496
-0.13884877
-0.13555431
0.12144858
-0.10440071
-0.11653768
0.10705325
0.11324351
-0.12571898
0.1180723
-0.12122765
0.12203131
0.1337029
-0.10477974
-0.15331593
-0.17828821
-0.18459935
0.16273911
0.10633598
0.15938789
0.15855128
-0.30119538
-0.15933478
0.12212851
-0.12486687
0.12071373
-0.2458671
-0.23990504
0.15666604
0.14615715
0.17579742
0.18953064
-0.18867481
0.10689039
0.1268418
0.12311001
-0.24931444
-0.13534199
-0.14338496
-0.15006249
0.10828849
0.10426006
0.24542394
0.33626127
0.11075979
-0.20754623
0.12891904
0.11904134
-0.13776484
0.14644833
0.14289773
0.23850155
0.24213243
-0.1308835
-0.10490721
-0.13869724
-0.21120034
0.16956711
0.11791716
0.17812781
0.21067065
-0.13893405
-0.19029717
-0.29469538
0.13848948
-0.24883382
0.13795073
0.13656464
-0.13338825
-0.12752213
-0.13318245
-0.12246755
0.14082579
0.11665106
-0.1691899
-0.11102877
-0.12769055
-0.13988498
0.13757464
0.15195225
0.118453
-0.13615254
-0.13968311
-0.13139226
-0.1044246
-0.125211
0.10509784
0.16933094
0.16359782
-0.12674028
-0.254933
-0.11937705
-0.16147108
0.12832996
0.12433048
-0.23024476
-0.255997
-0.14218645
-0.10373061
-0.11184195
-0.1129797
-0.1127564
-0.28767622
-0.27946752
-0.18395041
-0.13687944
-0.17761229
-0.10934436
-0.15185186
-0.20080912
-0.25333613
-0.19872594
-0.15481745
-0.11100477
-0.11410727
-0.13980024
-0.10488925
-0.14255227
-0.20203601
-0.2502532
-0.24970964
-0.11488268
-0.15736058
-0.12945262
-0.11873616
-0.1072398
-0.10612055
-0.19548222
-0.13860501
-0.11120957
-0.10740761
0.10401285
0.26615715
0.24215586
0.23845001
0.23177379
0.17354493
0.12921494
0.17175737
0.2835691
0.17113139
0.17053665
0.15917465
0.24585789
0.28268754
0.20704456
0.13259599
-0.15277292
-0.19977283
0.11050831
0.13839439
0.14406005
0.15904738
0.12045851
0.10440294
0.11147363
0.19473432
0.17898503
0.10661232
0.12085378
-0.10382748
0.12407446
-0.118524
-0.1546863
-0.14128114
-0.11808183
-0.12979765
-0.11886211
-0.11743639
0.15207221
0.21290605
0.18507239
-0.14071923
-0.10845048
-0.14347792
0.132422
0.10715159
0.1514734
0.11772311
0.1467364
-0.19720846
-0.19416289
0.11893614
-0.11008088
0.13664898
0.18741281
0.13385172
-0.21004313
0.1145808
-0.10857008
-0.1542722
0.1110772
0.19599572
0.15164278
-0.11498507
-0.21133894
-0.29187581
-0.12979002
-0.10650235
0.1202023
0.20020904
0.21780039
0.11795987
-0.14223263
-0.26100546
-0.1313369
0.11515974
-0.12839633
0.14693905
-0.11625469
-0.23867118
-0.30105248
-0.10686295
-0.12708749
-0.17231536
0.1452211
0.17779197
0.11858433
-0.10332808
-0.1444467
-0.34015101
-0.11119482
-0.12411979
-0.14341742
-0.10689694
-0.11205586
-0.11726148
-0.17201211
-0.1504253
-0.16854465
-0.10328197
-0.1900638
-0.18393567
-0.18690397
-0.13883887
-0.27408037
-0.22503269
-0.11111905
-0.14357217
0.12575537
0.125917
-0.13849165
-0.19284521
-0.24384823
-0.11722894
0.1394113
0.13114239
0.11404564
-0.16396494
-0.14530441
-0.12923193
0.13845594
0.18466558
-0.11785334
-0.14033398
0.18346275
0.16308589
0.11635908
0.14244653
0.12550193
0.12111833
0.12033216
0.12798361
0.18458718
0.11251023
0.1721916
0.18545529
0.10647082
0.15250508
0.12333356
0.14616272
0.16401082
0.13004291
0.22875617
0.11182571
0.17527218
0.16469249
-0.1348304
0.1144619
-0.11257902
-0.12165485
-0.14170259
-0.22485076
-0.1182833
0.12324676
-0.16377358
-0.19748081
-0.26334718
-0.24746153
-0.16983631
-0.21847031
-0.24399461
-0.28082889
-0.25663504
-0.34260374
-0.26784071
-0.11897673
-0.15968332
-0.19536075
-0.16427004
-0.13135931
-0.15595615
-0.16447312
-0.17159252
-0.23667105
-0.1854495
-0.10943256
-0.12342031
-0.11299643
-0.11920702
0.14152156
0.1312972
0.19420479
0.13075174
0.13449146
0.16181728
0.16930053
0.11407786
0.10877008
0.13285777
0.18781957
0.19912075
0.1376247
-0.11211852
0.11011942
0.18017232
0.23184048
0.15704131
-0.10912035
-0.17047109
0.1112269
0.116427
0.13736242
0.15535508
0.11726683
0.12723979
0.10433308
0.10983186
-0.12382384
-0.13032335
-0.11275204
-0.12335417
0.12509669
-0.10536072
-0.1319351
0.14039122
0.14327653
0.17116323
-0.12126833
-0.13244827
-0.15122811
-0.10580446
-0.12590477
-0.13993308
0.11135329
-0.16993716
-0.24122137
-0.1339502
-0.13079119
-0.15909381
0.12057236
0.10648774
-0.11653762
-0.2925944
-0.18812113
-0.10378378
-0.12357054
-0.12319724
-0.15610571
-0.11157652
0.119069
0.14939573
-0.1921552
-0.18209536
-0.14566197
0.17638005
-0.14621188
-0.10382795
-0.12956087
0.1058595
-0.16473874
0.1235439
0.14558429
0.13182276
0.12186445
0.11891516
0.14839649
0.1141514
0.19011444
0.16414699
0.12369954
0.12758087
0.13559112
0.10604644
0.10503075
0.1036989
0.15334183
0.12942789
0.14497243
0.15943708
0.18523887
0.28777513
0.12602353
0.11950786
0.1369988
0.11110791
0.22634043
-0.12611194
0.1794717
0.16633265
0.12011427
0.17317478
0.12236211
0.14011511
0.16823941
0.1213012
0.21546695
0.10469293
0.18715031
0.11699262
0.22565345
-0.14522305
-0.16717355
0.15692511
-0.13035309
-0.15457317
-0.14269827
0.1140558
-0.15630938
-0.18913236
-0.20563875
-0.159321
-0.12822385
-0.12253024
0.10956626
0.11553179
-0.18100184
-0.18617773
-0.24052174
-0.15662517
-0.16013211
-0.15268974
-0.24135257
-0.11482967
0.10976502
-0.16269267
-0.13382129
-0.2494217
-0.20466167
-0.10692679
-0.19891694
-0.11458984
-0.12897187
-0.17662394
-0.21231844
-0.11107743
-0.1632641
-0.19954959
-0.12495427
-0.19939895
-0.2051914
-0.19743289
-0.28500745
-0.29702994
-0.21775599
-0.21588346
-0.10888054
-0.12184751
-0.15153253
-0.11201738
-0.15707186
-0.14921266
-0.17206542
-0.12058553
-0.10920041
-0.1338203
0.147166
0.12721455
0.11284888
0.14813542
0.1039521
0.11631534
0.12383584
0.13455997
0.17631063
0.10534285
-0.13677883
0.14557083
0.14091019
0.13733488
0.13673779
0.13680729
0.14340705
0.10917893
0.12702897
0.10880781
0.10496438
0.10326739
-0.10933252
0.1037797
0.14179908
0.10346492
-0.12332112
-0.10415629
-0.11028638
-0.20944406
-0.11238675
-0.11209066
-0.16697925
-0.17728257
-0.13180812
-0.10632013
-0.13987358
-0.12040543
-0.11923074
-0.150685
-0.1556139
-0.19099842
-0.13933179
-0.12467435
-0.25213975
-0.26442164
-0.28086317
-0.20999818
-0.2394031
-0.24436954
-0.11009719
-0.10758065
0.12533586
0.1033124
-0.15412416
-0.19585995
-0.21403101
-0.12383952
0.12499985
-0.13076991
-0.21461307
0.1241566
0.10989206
0.14685248
-0.18999615
-0.11717162
0.12028047
0.13475493
0.14035814
0.11310417
-0.10776469
-0.12829435
-0.11824097
-0.14119755
-0.17301114
-0.14611582
0.15921387
0.17975669
-0.1188719
-0.19387153
-0.16749012
-0.10779981
-0.12832732
-0.22335145
-0.14527912
-0.1100639
0.11455887
-0.14694303
-0.17792261
-0.17745972
-0.15026242
-0.22014484
-0.11504242
-0.12461144
-0.14052576
-0.10887228
-0.10527972
-0.10814755
-0.14536645
-0.14742599
-0.15376358
-0.19457015
-0.14693397
-0.11496557
-0.11053912
-0.16254623
-0.11430879
-0.11778633
-0.15340698
-0.1651438
-0.11976978
-0.13995351
-0.12145033
-0.13276471
-0.10323906
-0.13959236
0.17538592
0.13750052
0.16893406
0.11708269
0.10700241
-0.11666503
0.20179223
0.14055942
0.13701014
0.20268345
0.17821577
0.19308801
0.23915569
0.1145273
0.12988552
0.1040723
0.12130506
0.16082862
0.149984
0.12674002
0.16514361
0.12834047
0.25617623
0.28239882
0.29194814
0.27649921
0.24221951
0.27348503
0.15616556
0.17918549
0.11841612
0.1232449
0.11110244
0.20395555
0.16108178
0.11730287
0.14344978
0.1088433
0.18621673
0.12919542
0.20470224
0.19413495
0.15011439
0.13689521
0.11894636
0.15947166
0.13274854
0.11893827
0.11428452
0.12863882
0.10479895
0.10432194
0.12713093
-0.14790832
-0.11001118
-0.16943443
0.10749941
-0.20349838
-0.16448744
-0.12625036
-0.21077104
-0.13329959
0.10438436
-0.16062114
-0.12274691
-0.1198423
-0.26323032
-0.21348207
-0.12566757
-0.12975389
-0.13544615
-0.13629641
-0.1563168
-0.13800789
-0.12968989
-0.12725911
-0.12648241
0.13128561
-0.12702659
-0.12472036
-0.11940402
0.14911211
0.13403788
-0.1185175
-0.12070415
0.15579046
-0.10579214
0.12434814
0.14382333
0.12590849
0.16494167
0.1206726
0.20955665
-0.14780332
0.13232505
0.12030611
0.11610261
-0.10615636
-0.11417636
0.19374706
0.13334294
0.11396609
-0.16100824
0.12135322
0.13212284
0.11154446
-0.11199905
0.10490096
0.1372724
-0.11712448
0.11782221
0.11599187
0.1623752
0.17520007
0.10340229
0.10421375
0.17034711
0.15577319
0.14538281
0.10725711
0.1170439
0.10770038
0.12582152
0.14234915
0.16794306
0.17172474
0.10377906
0.1386054
0.12018554
0.13192113
0.11381501
-0.12422292
-0.12667346
0.13173239
-0.13270566
0.14282943
0.11557185
-0.10907124
-0.172259
-0.14734283
-0.11391057
-0.15158083
-0.11242265
-0.17064869
-0.19534028
-0.19376206
-0.20712566
-0.11817517
-0.10671993
-0.14929666
-0.11255828
-0.1334113
-0.14621995
-0.17402627
-0.1462601
-0.18105328
-0.18023163
-0.10789273
0.15371335
0.10902115
0.11925827
0.15170369
0.12862459
0.12192778
0.12412977
0.16446359
-0.11168294
-0.1369212
-0.1731742
-0.21354653
-0.14447129
-0.10331289
-0.10331778
0.14414006
-0.21015754
-0.20105307
-0.20589808
-0.17243516
0.14320411
0.15032108
-0.12338562
-0.1141433
-0.17531677
-0.14013994
-0.16520812
-0.12233038
0.11904754
-0.17084777
-0.10778122
-0.21002567
-0.19382875
0.12649243
-0.20580244
-0.13808939
-0.16003966
-0.11223358
0.14198856
0.1078767
-0.11356353
-0.1857114
-0.13466612
-0.12208621
0.10772273
0.12338343
0.11300996
0.25527525
0.17969383
-0.18052247
-0.17040448
-0.11067319
0.15968773
0.14894922
0.12144396
0.12756135
0.22165383
0.10425948
0.11213752
-0.23668574
-0.17709437
-0.14194526
-0.1468721
-0.16653621
-0.13547271
0.11897532
0.15498167
-0.24773028
-0.14266177
-0.14877409
-0.15594566
-0.18529859
-0.2072881
-0.16321108
0.15235153
-0.10412677
0.12578498
0.14166658
-0.13262765
-0.21395123
-0.13539122
-0.11989094
0.1593767
0.1118397
0.12860312
-0.11336128
-0.13012584
-0.11890192
0.13624835
-0.11268399
0.15442953
0.13685264
-0.11010631
-0.11787522
-0.15407294
-0.14705572
0.17167357
-0.14015901
-0.10645975
0.13341491
0.19179612
0.16109523
-0.13367939
-0.1091801
-0.12928408
-0.11412764
0.16605029
0.18952836
-0.16960354
-0.11218505
0.10753435
0.17718212
-0.16441426
-0.18921837
-0.14668594
0.15645008
0.17088188
-0.15205857
-0.15340523
-0.11301783
-0.12661541
0.10861165
0.10680003
0.14063567
-0.12093356
-0.14523204
0.10353731
-0.10719504
0.11625442
-0.10520758
0.1177724
0.13297023
0.10561362
-0.1355084
0.1091245
0.11374737
0.15354736
0.191796
0.16706035
-0.12829253
-0.15973787
-0.21930358
-0.16759917
-0.1592188
-0.21899886
-0.11211105
-0.10889112
-0.11143884
-0.18891589
-0.11070531
-0.26388961
-0.19474572
-0.13194641
-0.1137991
-0.15465344
-0.14678203
-0.12587813
-0.13311023
-0.18846115
-0.13217969
-0.1099387
-0.20294806
-0.23553501
-0.21844184
0.10367591
0.1349242
0.11645292
0.18453608
0.14783561
0.17889941
0.10859152
0.11251224
0.11269845
0.10336532
0.14873567
0.11776803
0.10730263
-0.13521895
0.10357834
0.12042712
0.10367361
0.10540535
0.1277719
0.11281591
0.10614948
0.12004709
0.13758937
0.19829032
0.11225252
0.11280072
0.1233215
0.13075046
0.11483283
0.15393634
0.14414568
0.13811573
0.12136146
0.14283924
0.14202698
0.11215261
0.13329652
0.12679629
0.16286561
0.13966165
0.14343078
0.13339001
0.1347871
0.19134502
0.11269448
0.12557352
0.17551331
-0.11612434
-0.11485998
-0.12203829
-0.14480525
0.14393856
0.11913197
-0.15442084
-0.10745325
-0.206725
-0.19857514
-0.21514609
-0.29908791
-0.1574029
0.16203739
0.12539014
-0.1058927
-0.10984989
-0.13211961
-0.17968984
-0.21685526
-0.17767338
0.10420838
0.1850334
-0.10349867
-0.16910964
-0.21427821
-0.179583
-0.15807785
-0.1797494
-0.18402418
-0.1861365
-0.30428633
-0.31388766
-0.33412495
-0.25862181
-0.18147679
-0.11897753
-0.1167299
-0.12614247
-0.11592592
0.1086346
-0.13363871
-0.16787197
-0.27720472
-0.28801692
-0.21651047
-0.17408034
-0.1521906
-0.16088587
-0.1541899
-0.11800653
0.11427176
0.12347592
0.12520286
0.1203256
0.12588431
0.14006652
0.11672942
0.15706275
0.13049406
0.1472902
0.23732035
0.17546825
0.11581295
0.12321329
0.12481368
0.2066341
0.19686316
0.14387541
0.14189835
0.12266632
0.10334995
0.11583211
-0.12351064
-0.12133009
-0.14619488
-0.15354283
-0.15691444
-0.10480166
-0.21647789
0.10785027
0.10317291
0.14494339
0.14481053
-0.1291572
-0.15170857
-0.16717358
-0.1518219
-0.10889828
-0.10619199
0.13840367
-0.15834187
-0.24180588
-0.11768565
0.15560058
-0.11461995
-0.13153031
-0.16845819
-0.11705951
-0.10403652
0.14431113
0.21723776
0.16898708
0.12592289
-0.12384965
-0.1522785
-0.11280229
0.12372176
0.10648277
0.10665832
-0.21357523
-0.12830012
0.13159217
0.10988426
0.13114044
0.18860097
0.11900175
0.14626485
0.13516463
0.29518819
0.11701722
0.14945444
0.12333226
0.27810222
0.20856476
0.10418033
0.18724148
-0.11020817
-0.11650676
-0.13755558
-0.20385668
-0.12068798
-0.11584255
-0.1341532
-0.10323278
-0.13452961
-0.13537143
-0.11774646
-0.12005739
-0.12580825
0.13915353
0.17459635
0.31451342
0.21794444
0.19161257
0.21618469
0.14844508
-0.14154039
-0.16174673
-0.13660051
-0.18048038
-0.12502311
0.17841806
0.16143475
0.10921257
0.19478481
0.10777941
0.14803387
0.11068489
-0.12773488
-0.10313858
0.1483084
0.10387459
0.14585654
0.15412141
0.1265009
0.12324663
0.1183829
0.12669636
-0.10908921
-0.11834805
0.10741685
0.11816376
-0.10899257
-0.11291802
-0.12395227
-0.15194416
-0.24198294
-0.22072375
-0.29214388
-0.13032654
-0.15267508
-0.19624689
-0.13163003
-0.28271875
-0.3697775
-0.30502638
-0.15990372
-0.13615018
-0.15934049
-0.12931611
-0.10467364
0.11848917
-0.2663902
-0.31956178
-0.23796505
-0.12049115
-0.10358326
-0.17562515
0.11482559
-0.11080855
0.11709527
0.12226333
-0.1251857
-0.25026906
-0.11058541
-0.12910435
0.14089844
-0.23460402
-0.25423124
-0.14227347
-0.34934199
-0.26042682
-0.11082245
-0.19474486
-0.18247624
-0.13858594
0.11660434
-0.13498044
-0.14168198
-0.124891
0.17377995
-0.10824395
-0.10441541
-0.14333345
0.10820068
0.16143757
0.15518452
-0.11517642
-0.11331455
0.10725065
-0.11599408
-0.12875079
-0.11033749
-0.11947975
-0.13007756
-0.11016996
-0.12654024
-0.19868442
-0.21423134
-0.13662486
-0.1282828
-0.16127115
-0.15712292
-0.14630488
-0.10740451
-0.1183892
-0.18019255
-0.11882457
-0.10382976
-0.12953772
-0.12226669
0.1147944
0.12192835
-0.1167037
0.10348345
0.18299085
0.19628814
0.14898956
0.1239353
0.12898645
-0.10361142
0.19497043
0.272203
0.14510578
0.19765383
0.16728625
0.17200822
0.17763381
0.23113187
0.19301108
0.11933794
0.1248087
0.13141273
0.16726087
-0.1398533
-0.12911412
-0.1248774
-0.13087218
-0.15303011
-0.12760432
-0.17840695
-0.10737556
-0.11765476
-0.14103076
-0.16045395
-0.19301645
-0.12906016
-0.16405369
-0.117383
-0.10554768
-0.11880438
-0.11422627
-0.16924378
-0.26326141
-0.23594823
-0.10944527
-0.1179741
-0.11414967
-0.13534708
0.10429532
0.12190678
0.12731251
-0.12115902
0.10546441
0.10360838
0.11858261
-0.16532083
-0.12008324
-0.15039229
-0.14177193
-0.11154342
-0.13221872
-0.18831165
-0.12067478
0.11913148
-0.14712392
-0.16315924
-0.11877768
0.13656843
0.12315546
0.16080022
-0.16831306
-0.13492395
-0.15120719
0.1161465
0.12990624
0.20262484
0.16001593
-0.12240244
0.12988107
0.11613008
0.13719
0.1613197
0.16947846
0.22738977
0.12820013
0.11483187
-0.14145708
-0.22379667
0.13974829
0.1184264
0.11230907
0.11628022
0.1888296
-0.11201451
-0.18535654
0.1249863
0.11690416
0.18805498
0.10479081
0.11486586
-0.12170961
0.1099524
0.15077756
0.11621611
0.11392301
-0.12518668
-0.11233022
-0.13595727
-0.13293353
-0.13495703
-0.15496939
-0.13642852
-0.11831108
-0.17656556
-0.16866258
-0.17166369
-0.1328267
-0.1327969
-0.1590755
-0.18692599
-0.14392602
-0.12056229
-0.14135541
-0.12709832
-0.13942288
0.15615299
0.17909448
0.18890749
0.17307366
0.16269256
0.16955926
0.14596123
0.10339566
0.13498446
0.1142763
0.10636947
-0.11464324
-0.13017498
0.1150164
0.1039057
-0.11358665
-0.11881991
-0.11630231
-0.13887596
-0.17571726
-0.21068347
-0.20871365
-0.17435062
-0.13662706
-0.16854174
-0.16133092
-0.12917683
-0.10801689
-0.20227946
-0.11095004
-0.18857323
-0.18513811
-0.20380686
0.12960565
0.10422721
0.14854459
0.11109319
0.10754832
0.12376673
0.17467986
0.20357712
0.17351687
0.23170379
0.21635479
0.17986111
0.13825984
-0.17451319
-0.1189877
0.10939555
0.13598542
0.12000509
0.16334918
0.23934597
0.17783715
0.14986178
-0.11321859
-0.12129772
-0.16074435
-0.23336984
-0.16310786
0.12250285
0.10552897
0.12278866
-0.14614144
-0.20630199
0.1239159
0.11941937
0.11687182
0.15574712
0.10328878
-0.11230154
0.12493601
0.17469084
0.12616435
-0.10662513
0.12063351
0.11454442
-0.13791595
-0.15827456
0.10951041
0.1351877
0.10761116
0.12967612
-0.11855042
-0.14406128
0.12198509
0.23305355
0.13247381
0.10407777
0.16627663
-0.23322788
-0.13867405
-0.11759797
0.15535212
0.11270124
0.1904283
-0.15895845
-0.15851384
-0.1467737
0.13795741
-0.10482444
-0.13473998
-0.12842417
-0.13498671
-0.12041941
-0.14384921
-0.15267819
-0.15203376
-0.11073748
-0.10445148
-0.12121981
-0.15761806
-0.13410354
-0.14206642
-0.23832771
-0.13640426
0.10368577
-0.14860988
-0.16958585
-0.12898535
-0.14208211
-0.15016931
0.11932354
-0.21033277
-0.11356296
-0.12015934
-0.10717637
0.13487662
-0.23194113
-0.1160562
-0.16292644
0.11933041
0.10494363
0.18361738
0.14514646
0.11762539
0.23873566
0.15094231
0.14393365
0.12248702
0.15309033
0.10507721
0.18256493
0.12719765
0.10604712
0.14876874
0.13487905
0.15884578
0.15626678
0.1301735
0.20844236
0.24166858
0.151226
0.14336391
0.2354005
0.15774056
0.13659379
0.17464957
0.14712179
0.23277387
0.2289467
0.1428896
0.15114965
-0.13832769
0.11162209
0.10502724
-0.12249333
-0.13503686
-0.15047005
-0.12550963
-0.13094456
-0.13582729
-0.15264091
-0.22367786
-0.20278563
-0.21908098
-0.13445738
-0.14576273
-0.23219885
-0.20847724
-0.19898273
-0.1462674
-0.15826203
-0.11038096
-0.12032356
-0.1304014
-0.1545549
-0.19984844
-0.14088564
-0.18030931
-0.19473511
-0.1396032
-0.15346859
-0.13151427
-0.11582065
-0.15397976
-0.16472103
-0.14919701
-0.14216466
-0.1053004
-0.1882308
-0.18310663
-0.20714703
-0.22023179
-0.18926817
-0.10505057
-0.12745665
-0.13258399
-0.12240237
-0.1930736
-0.15216742
-0.21956013
-0.19880666
-0.17215423
-0.15716629
-0.19734494
-0.14822116
-0.14733924
-0.11302618
-0.11243844
-0.10959429
0.10814131
-0.13461819
0.1402681
0.11925264
0.10692281
0.15435715
-0.11115579
0.11108118
0.1370617
-0.13345619
0.1214899
-0.11101829
-0.11436455
0.12441443
0.19896784
-0.11102551
0.12680563
0.13329476
0.1332673
-0.11258034
0.16557141
0.12778075
-0.11523961
0.13054156
0.10877589
0.10685685
0.11806297
0.10877007
0.10392419
-0.11798027
0.1080009
0.20022903
0.14961746
0.11183512
-0.10427611
0.14227571
-0.12261747
-0.15354902
-0.11436342
-0.13559797
-0.12706092
0.14500071
0.15113412
-0.1394341
-0.16878575
-0.10759908
-0.15668117
-0.16743982
-0.13457283
-0.16466124
-0.12629223
-0.1483199
-0.11200267
0.10839171
0.15977441
-0.16404323
-0.14398289
-0.19119681
-0.1226124
-0.10690805
-0.15201463
-0.11329549
-0.1308549
0.23147067
0.10633808
-0.13850711
-0.12237436
-0.11227761
-0.12971285
-0.13508518
-0.14639184
0.18196197
0.2379372
0.16766088
-0.11341822
0.12143612
0.25983652
0.18892373
0.13601959
0.13886522
0.15235843
0.16027032
0.10739923
0.1273409
0.11866873
0.12110761
0.12294962
0.11277416
0.21674104
0.20303884
0.19555295
0.15072884
0.16579989
0.22526798
0.13439517
0.11465351
0.18858202
0.11315008
0.14903563
0.14286421
0.21691698
0.25874519
0.18315171
0.10575077
0.10827007
0.16664448
0.11594683
0.1113143
0.16003712
0.14449225
0.14017174
0.10447506
0.11072998
0.17924887
0.19807799
0.184901
0.1994234
0.21972451
0.11530863
0.12164744
0.13050225
0.1539132
-0.11778885
0.13226727
0.17247894
0.26269594
0.21629359
0.24047102
0.25555012
0.15574065
0.10417015
-0.10511085
0.19195528
0.19001806
0.14399202
0.21134439
0.1891885
0.16672072
0.17491017
0.10329142
-0.13558565
-0.12798178
-0.18878797
-0.19066918
0.12929824
0.1163414
0.13844213
0.10843721
0.13939825
-0.10517085
0.1202342
0.11066242
-0.11964116
-0.14629419
-0.16040894
-0.20364939
-0.14196061
-0.10943681
-0.1204678
-0.11230829
-0.11703883
-0.17803942
-0.13732842
-0.16193104
-0.16651382
-0.20146163
-0.13936158
-0.16333866
-0.15812951
-0.15066242
-0.15986669
-0.16184431
-0.13482352
-0.11167698
-0.13598637
-0.13276282
-0.10514228
0.12383403
0.18194439
0.13839935
0.12241657
0.12427764
0.1172262
0.13320746
0.11439792
0.11895658
0.1647812
0.1779349
0.15878114
0.17328261
0.14693868
0.13409483
0.12400744
0.18013558
0.2221683
0.10820504
0.10498057
0.10942236
0.12173088
0.17378508
0.19714569
0.13625513
-0.1049322
0.16221559
0.16547392
0.12224803
0.10957216
0.18452984
-0.13487877
0.10421635
0.13867854
-0.10766422
-0.11577571
-0.12047935
0.10999945
-0.10986177
-0.13079876
-0.14281642
-0.11675467
-0.11290849
-0.11895373
-0.14162561
-0.1830025
-0.12180902
-0.12195849
-0.12316485
-0.12302106
-0.15218447
-0.11205367
-0.14421454
-0.20832179
-0.27072331
-0.18144721
-0.19667444
-0.26395413
-0.15680747
-0.11244442
-0.13500831
-0.12062017
-0.1229969
-0.11311424
-0.11701778
-0.10581164
-0.10912669
-0.16184637
-0.22663566
-0.23387951
-0.2843473
-0.27454439
-0.17406508
-0.25841326
-0.31434301
-0.35621065
-0.26597419
-0.12272604
-0.1610097
-0.10930888
-0.13636579
-0.14889573
-0.14491586
-0.1978187
-0.20693593
-0.17789468
0.19483691
0.14765821
-0.14388509
0.10689826
0.14445151
0.11215859
-0.1221812
-0.11763906
-0.11150046
0.14343199
0.1283005
0.11531795
0.122091
0.11018485
0.12955232
0.18311609
0.12168068
-0.12794879
-0.10317592
-0.10534499
-0.11473084
-0.15306084
-0.11998312
0.11161603
0.14929396
0.11450623
0.10594624
-0.12526356
-0.15893678
0.13079253
0.13683777
0.14832324
0.14488719
0.11448427
0.12617567
-0.251178
0.11637431
0.12928656
0.14214806
0.11107375
0.20445147
0.112648
-0.12297907
-0.1620895
0.11227959
0.11078528
0.14613961
-0.14691634
-0.12278973
0.11197533
0.11248671
0.10849041
0.11669045
0.11115214
-0.12342146
-0.10408352
-0.15635081
-0.11096124
-0.14807291
0.11442691
-0.10660338
-0.11741161
-0.18941382
-0.13150311
-0.1122868
-0.1313353
-0.11311641
-0.12133922
-0.17624441
-0.10830791
-0.10889889
-0.12325065
-0.14946173
-0.14972845
-0.10982563
-0.10508306
-0.19765814
-0.15138918
-0.23670833
-0.12706985
-0.1334662
-0.14929084
-0.13780139
-0.13502157
-0.18017335
-0.15299708
-0.13280302
-0.11754486
-0.17282654
-0.11897998
-0.13558573
-0.12301721
-0.1054908
-0.10995802
-0.12387355
0.11101079
-0.13932194
-0.11753001
-0.20570195
0.13514178
-0.11298782
-0.15137149
0.17116521
0.20506103
0.15940915
0.10352868
-0.17574126
-0.16009071
-0.15568073
-0.11262656
-0.11020172
-0.11558723
-0.16448225
0.142984
-0.11746789
-0.14655811
0.10645685
0.10574605
-0.12477478
-0.16790079
0.11397133
0.15085538
-0.19430397
0.10428464
0.11371664
0.10726006
-0.1198002
0.11525345
0.10564438
0.12082857
0.11154979
0.13371482
0.14240362
0.12254337
0.13521038
0.10669713
0.13160957
0.1062571
0.13822488
0.12620281
0.13809967
0.15925318
0.12007291
0.10400284
0.10742936
0.11456671
0.12910484
-0.11315981
0.13516444
0.19846138
0.11463831
-0.16615108
-0.13614096
-0.16694067
-0.15516211
0.13385177
0.10635462
-0.16035447
-0.1699104
-0.22572422
-0.27283731
0.15665606
-0.15644559
-0.17880526
-0.24238549
-0.15093392
0.10519207
0.10348721
0.14426675
0.12419096
0.12344322
0.10788105
0.15692775
-0.10541563
0.17134731
-0.12256084
-0.14760387
-0.12117691
-0.12150306
0.16989551
-0.1182785
-0.11602726
-0.17069107
-0.11954463
-0.11651839
-0.12701945
-0.10554489
-0.13360566
-0.20642667
-0.14197311
-0.24073376
-0.18841228
0.1144754
0.13261996
-0.17395595
-0.26385927
-0.2746594
-0.1594995
0.12428599
0.16401309
0.16445842
0.15543453
0.15911622
0.11757247
0.12412708
-0.15309799
-0.1158235
-0.13766974
-0.21363609
-0.20621268
-0.18834668
-0.12523933
0.14768836
0.14395767
0.15494303
0.26420006
0.29745513
0.14767516
0.15384461
-0.10812248
-0.14987512
-0.16282248
-0.18279658
0.18126991
0.1581049
0.10841454
0.10948594
0.13323997
0.11484953
0.1333158
0.11001316
-0.11275496
-0.12697032
-0.21633348
-0.22272469
-0.14258736
-0.12496521
-0.16751301
0.15026143
0.12255513
0.17424396
0.18939082
0.17578761
0.1618071
0.12232824
0.12659973
0.11333608
0.11023638
0.1452108
0.10324614
0.13705893
0.12658387
0.13598426
0.10357513
0.1179577
0.1265801
0.13409503
0.11206373
0.16681236
0.11111465
0.1079874
0.13301782
0.13162611
-0.18957902
-0.16758007
-0.14717688
-0.11168455
-0.12631068
-0.11252967
-0.17743887
0.10987616
0.13381828
-0.16207238
-0.12534656
-0.26471549
-0.27334726
-0.1982705
-0.14985617
-0.12002915
-0.18407531
-0.25826553
-0.26398119
-0.21950266
-0.12988858
-0.2142527
-0.11146896
-0.11991981
-0.26003602
-0.21091931
-0.17185904
-0.13579568
0.10816716
0.13944586
0.10353617
-0.11120698
-0.12781961
-0.11346934
-0.11723282
0.13410364
0.1339737
0.11805104
-0.11376846
0.12053234
0.15141448
-0.14976801
0.12878497
-0.11475168
-0.10488769
-0.14598449
-0.12921752
0.11660437
0.11030944
0.11176538
0.1699332
0.12187533
0.13778909
-0.10486547
0.14713058
0.12826382
0.2365455
0.12142313
0.15168788
-0.17793569
-0.10679361
-0.13126306
-0.16010432
0.12070305
0.19044262
0.25896627
0.15693772
0.24554156
-0.11402309
-0.10923401
0.13901876
0.1121447
0.12644033
0.16037273
0.17092589
0.19810842
0.11452348
0.10386228
0.10811543
0.23714928
0.18627796
0.14582355
0.14496852
0.1746753
0.18165106
0.12176234
0.17480147
0.120999
0.13126437
0.15115443
0.1107259
0.13935898
0.15673949
0.12718974
0.13255873
0.19787098
0.21019799
0.20608526
0.23909716
0.15332749
0.13513464
0.17271684
0.10881693
-0.1106525
0.10535327
0.16447781
0.18081179
0.12328704
0.14037997
0.11957303
-0.15895565
-0.12744784
-0.11626414
-0.18833528
-0.16355149
-0.11168223
-0.11647991
-0.19440812
-0.14519317
-0.11352101
-0.19822769
-0.21825041
-0.21998227
-0.21194007
-0.18535008
-0.17854387
-0.18435061
-0.11048256
-0.12631707
0.10929719
-0.10731226
0.14027606
0.11890487
0.12916036
0.12598877
0.21528013
0.11449515
0.11490064
0.16011368
0.11280254
0.15828471
0.10598669
0.13594231
0.11249622
0.14984809
0.11247434
0.10922216
0.13106829
-0.10322624
0.11808758
-0.12691163
-0.1534629
-0.11411284
0.11693758
-0.11723048
0.10986446
-0.1269875
-0.13639872
0.13489038
-0.13190696
-0.15024757
-0.15531756
-0.11767894
0.11527441
0.12028106
-0.1365439
-0.16944684
-0.11841782
-0.14847472
0.15586314
0.21131629
0.17939259
0.12020656
-0.17267007
0.11032898
-0.24095628
-0.40451071
-0.42051825
-0.34416616
-0.2601828
0.18667063
0.19013064
0.12853557
-0.15015115
-0.15948845
-0.23039427
-0.40534541
-0.49591482
-0.42370453
-0.5216108
-0.52100509
-0.37278664
-0.1853105
-0.15566595
-0.1120206
-0.16940808
-0.11614047
-0.10367826
0.13230722
-0.12888362
-0.37598461
-0.34754983
-0.41389275
-0.55354124
-0.74788272
-0.63459653
-0.61955768
-0.50570279
-0.37237257
-0.23156893
-0.1094891
-0.20343669
-0.1193997
0.13183425
-0.13562784
-0.16878977
-0.19775216
-0.2830413
-0.46252361
-0.47309789
-0.4399834
-0.3714554
-0.24577668
-0.17271292
0.16442752
0.13628478
0.16903797
0.11623967
0.1260668
0.19244872
0.19491838
0.19310558
0.11398808
-0.12023164
-0.18786588
0.11718982
0.14442939
0.13816822
0.11237338
0.15819523
0.15197134
0.2809141
0.28460678
0.21103092
0.11589693
-0.1191125
0.17360887
0.21286781
0.2438729
0.17051005
0.14922154
0.15200521
0.20525444
0.17495188
0.21396548
0.1855516
0.11272816
0.15315562
0.21913089
0.22121558
0.2201467
0.23875275
0.1952665
0.23607239
0.22687623
0.14211586
0.1158113
0.119337
-0.16159865
-0.18618736
0.16041796
0.2079746
0.15263815
0.13248694
0.11644423
0.11033262
0.15109916
0.13950641
-0.12179582
0.15384804
0.13286062
-0.1284833
0.16310138
0.13401376
0.14041129
0.15714797
0.12189431
0.12662373
0.13810731
0.1645229
0.11789182
0.1579832
0.18454818
0.18087548
0.10518377
-0.10854446
-0.12365597
0.11914873
0.12315182
0.13523474
-0.11459627
0.17956102
0.12441305
0.17896163
0.21793306
0.26152664
0.14918236
0.11251094
0.13588113
0.23202118
0.12402888
0.14680153
0.11488938
0.1678438
0.17421566
0.12949078
-0.10631064
-0.11724544
-0.10610307
0.10730539
0.13745672
0.10745518
0.1073624
0.15696363
0.12535238
0.14797312
0.11848363
0.13561329
0.11405331
0.13128826
0.12522359
0.12749167
0.1208177
-0.11167412
-0.13938543
-0.1172016
-0.16248867
-0.1490057
-0.11895876
0.11231758
0.12345562
-0.16543514
-0.16709781
-0.11253033
-0.18788506
-0.13897191
-0.1774815
-0.13639297
-0.16601419
-0.18923616
-0.15494439
-0.15145679
-0.19170101
-0.13133962
-0.11920957
-0.15887333
-0.11703292
-0.10952803
-0.14355883
-0.1162785
-0.10681847
-0.13396958
-0.17841899
-0.20594619
-0.13736089
-0.13703389
-0.14674848
-0.10422248
-0.12118229
-0.19786637
-0.13384804
0.10431942
0.14372762
0.12277531
-0.15455998
0.16341384
0.12242755
0.17448513
0.1335521
0.11855031
0.20128474
-0.12991314
-0.11411942
0.10773195
0.1159438
0.10907787
0.10820772
0.1095219
-0.11630344
-0.1085201
-0.11301096
0.11587118
0.13281174
-0.10890558
-0.11756685
0.17491318
0.10583928
0.11149687
-0.10840166
-0.13321204
0.14010307
0.23775554
-0.13734546
-0.20499648
-0.10549197
0.1788777
0.22720268
0.12275144
0.15567863
0.19492076
0.12817223
0.14052278
0.18276058
-0.11105668
-0.16680898
0.12065236
0.10371356
-0.12279645
-0.11997467
-0.12168945
-0.11917394
-0.14310591
-0.14739892
-0.105843
-0.11453234
0.10570484
0.11611108
0.15753853
0.19268326
0.18141297
-0.11670345
0.19239295
0.16285168
0.11444367
0.12162992
-0.13580008
0.13339315
0.16454288
0.124419
0.12772188
0.12782933
0.11025985
-0.13349038
-0.13049288
0.11581493
0.10366096
0.13994728
0.11718265
0.1393439
-0.12849636
-0.12486412
0.1245297
0.16298495
0.14035368
-0.14209622
0.17948088
0.17882776
0.15884204
-0.16387561
-0.21023455
-0.16553622
-0.11937418
0.11419056
-0.10626799
0.15288857
0.10685319
-0.24670784
-0.30467853
-0.12785783
-0.12697479
0.13383208
-0.11505228
-0.27296907
-0.33189231
-0.23039661
-0.11218724
-0.11583071
-0.13265382
-0.21840766
0.15242186
0.11932154
-0.14446761
-0.31537515
-0.25607404
-0.22768329
-0.10403916
-0.11011451
-0.12078447
-0.11377098
-0.12721694
0.13616574
-0.20348278
-0.28449047
-0.35360813
-0.23381422
-0.13388547
-0.11412693
0.11470915
-0.11077421
-0.19390568
-0.21125694
-0.21140651
-0.1321848
-0.12097778
-0.12274028
0.12370053
-0.15006965
0.16444978
0.13384768
0.12849881
0.13812026
0.15526488
0.109209
0.13641581
0.15685394
0.16387609
0.11705512
0.17662124
0.20010547
0.11564279
0.13769457
0.11586682
0.11109401
0.13339803
0.11181141
0.14016251
0.11078354
0.1712992
0.11638013
0.1060921
0.21159434
0.10913167
-0.1132068
0.17887005
0.13833708
0.24711932
-0.16426006
-0.10509167
0.17193076
0.21137147
0.14858629
0.12794614
0.17549504
-0.10900664
-0.12718377
0.13362251
0.18467841
0.10557937
0.17150299
0.13641052
0.12354627
0.18424879
-0.11342245
0.11305688
0.13619214
0.11821488
0.10538308
0.11070899
-0.11241901
-0.15745914
0.14814591
0.17844377
0.17935
0.11565097
0.10574839
0.14680344
0.1268515
0.13303585
0.1378666
-0.13529548
-0.14562264
-0.11857577
-0.14436841
-0.16389491
-0.17025083
-0.1058907
-0.18185587
-0.15123849
-0.16065277
-0.17181523
-0.17373304
-0.23828195
-0.18952779
-0.29423043
-0.13106048
-0.13100594
-0.14923538
-0.15394594
-0.29937762
-0.29756618
-0.11342076
-0.13480926
-0.1470958
-0.20674382
-0.16054381
-0.1906708
-0.15629326
-0.1256669
0.10336962
0.12252786
0.12515469
0.10427824
-0.11599743
0.11542255
0.11066312
0.13354416
0.15690607
0.13346438
-0.13191153
-0.1224457
0.16820161
-0.12334789
-0.14409943
-0.17326753
-0.10318316
0.11414828
0.12892973
-0.11707874
-0.11237459
-0.13412547
0.15759476
0.12952822
0.14009362
0.10407975
0.12130554
0.12248413
0.10314383
0.1399706
0.11053082
-0.10598866
0.11740524
0.12187452
0.10763112
0.11049031
-0.11579034
-0.18328579
-0.15952232
-0.12643449
-0.14379409
-0.19268686
0.1254922
0.14325538
-0.2832011
-0.21971647
-0.15596272
-0.14826033
0.12617728
0.13271675
0.10478825
-0.23007797
-0.2375946
-0.13258557
-0.1369843
-0.14599898
0.13062476
0.10928028
-0.1165568
-0.12172116
-0.15223965
0.12072443
-0.11969651
-0.13688637
0.18312094
0.11678797
0.1575219
-0.11756281
-0.12281831
0.12009365
0.1272957
0.19536038
0.17229334
0.22216694
0.11894387
0.14137414
0.10457902
0.1110973
0.14208306
0.14597596
0.16568394
0.17250067
-0.13445884
-0.16596444
-0.17314424
-0.13079056
-0.12260638
0.11800274
0.1855866
-0.18140359
-0.18347162
-0.17409883
-0.14627312
0.15291877
0.1538509
0.17519148
-0.10606473
-0.10981336
0.12385408
0.15725559
-0.13185297
-0.10973041
-0.1137609
-0.13794488
-0.12093247
0.15528749
0.13538663
0.11937107
0.1300903
0.13362056
0.13858268
0.14118093
0.16195419
-0.10755588
0.24280694
0.17023233
0.11722093
0.1074837
0.13435464
-0.10745841
-0.18631971
-0.14190023
0.1552496
0.17387132
-0.13210636
-0.14545362
-0.13787258
-0.12097423
-0.15588722
-0.13941582
-0.14214285
-0.11786206
-0.16930902
-0.11975227
-0.12849122
-0.13219978
-0.13701728
-0.10877686
-0.15302707
-0.15062046
-0.20542683
-0.20691548
-0.12507348
-0.16959772
-0.11515553
-0.10501835
-0.10492679
-0.16301359
-0.1202071
-0.11274257
-0.12950324
-0.10705142
-0.11817799
-0.18849376
-0.19418304
-0.24482265
-0.11930324
-0.11101957
-0.10846833
-0.12501293
-0.10496258
-0.12159179
-0.1149586
-0.16882545
-0.16600458
-0.13100369
-0.15125395
-0.29118457
-0.27408704
0.15618429
0.14370316
-0.12439383
-0.15694077
-0.14631517
-0.18626264
-0.10437389
0.10510826
0.18809712
0.16874729
0.10686083
-0.11108828
-0.13125917
-0.16087937
-0.14260434
0.11162173
0.17463006
0.18120027
0.11640284
-0.12219627
-0.10701496
-0.1268298
-0.156673
0.10906558
0.16744706
0.11794434
0.13996357
-0.10515282
-0.12206249
0.11281703
0.12587336
0.20010154
0.1465835
-0.13761267
0.12124582
-0.14499116
-0.10476441
-0.11008619
-0.10363866
-0.14389299
-0.10971154
0.1148326
-0.16745178
-0.12476871
-0.25925153
-0.1142214
-0.19867922
-0.13462605
-0.1238952
-0.11742852
-0.10867371
0.10748515
-0.15684639
0.10748457
-0.11527021
-0.13694902
-0.15748584
-0.15429123
-0.11482973
-0.10891941
-0.1107277
-0.11910781
-0.10792006
-0.20701587
-0.11021113
-0.11104776
-0.24299097
-0.1272267
-0.18191771
-0.10418443
0.11576926
-0.14518513
-0.15475279
0.14981097
-0.14232564
-0.11192216
0.17154762
0.16665925
0.14640552
0.11071557
0.13893963
0.12589845
0.10452063
0.13842455
0.18595938
0.12904865
0.11128436
0.14334297
-0.12226322
-0.22596471
-0.12698677
-0.10472124
-0.13582429
-0.22223973
-0.15342993
-0.13635667
-0.10525898
0.1136922
-0.11535926
-0.1361849
-0.11240525
0.10750321
0.13279769
0.19620673
0.18131436
0.18217167
-0.12971331
-0.12335734
-0.10838562
0.13478333
0.18092598
-0.12164246
-0.1478916
-0.17103735
-0.14965516
-0.17671546
-0.15222278
0.18691248
-0.12391794
-0.14628543
-0.12329293
-0.16216831
-0.11665057
-0.1324545
-0.12729426
0.21754052
-0.11538917
0.19470589
0.2662375
0.21272057
0.14997065
-0.13732293
-0.14522141
0.14016147
-0.11683821
-0.14687245
-0.17141886
-0.10382003
0.17825
-0.10606849
-0.1297527
-0.13045052
0.12990232
-0.13390045
-0.26285613
-0.24060947
-0.15795018
0.15716814
0.25829807
0.14446706
0.15897618
0.11342478
0.13372223
0.14867379
0.11651168
-0.19081472
-0.20186312
-0.14374007
-0.13338357
-0.10815076
0.13559213
0.11502907
0.21254914
0.13011204
-0.12464417
-0.11290191
0.1159446
0.12921223
0.10591591
0.10346771
-0.10530815
0.14113009
-0.24175945
0.14268826
0.1175355
0.10852392
0.18439932
0.21270822
0.15681699
0.20018001
0.16219364
-0.10614219
-0.11342695
-0.12002948
0.21676934
0.10701407
0.17514318
0.14723362
0.17654292
0.18267626
0.23997243
0.18921389
0.12155227
-0.17613095
-0.25033674
-0.1956578
-0.13770293
0.15770005
0.11515205
0.13075085
0.20994137
0.15234962
0.18985984
0.14776789
-0.18377753
-0.18272153
-0.20961742
-0.12450311
-0.20025449
0.18288586
0.12589693
0.15915148
0.17787239
0.19646676
-0.11491364
-0.14003043
-0.15538593
-0.18880023
-0.17807545
-0.11063569
0.13737512
0.16769175
0.21144299
-0.12037405
-0.11042283
0.12324675
-0.11287293
-0.14234777
0.12513255
0.11598129
0.11303432
0.12728564
0.11613274
-0.1277218
0.11836365
0.17811956
0.25118893
0.22661924
0.13360786
0.16043434
0.20835596
0.29369804
0.10681601
0.11135664
-0.12862751
-0.161722
-0.16317393
-0.10383231
0.18123387
0.30659997
0.20499255
0.11279803
-0.10681213
-0.18020254
-0.18005419
-0.11104993
0.11033859
0.12923405
0.1408633
0.20443231
0.12385274
-0.11923087
-0.10460788
-0.11541349
-0.12639023
0.10972243
0.17849925
0.17591569
0.16047491
0.17038931
0.15731755
0.13581216
0.1340221
0.18393615
0.15242058
0.10675899
0.12260631
0.12339416
0.12625773
0.11649896
0.15349308
-0.11392561
-0.17720003
-0.17800212
-0.2792235
-0.17728277
-0.22258314
-0.12104877
0.15995602
0.19985624
0.1202947
0.16439222
-0.20881934
-0.1110651
0.16401839
0.15375707
0.1118471
0.1531821
0.12507524
0.14882094
0.13819909
0.11816591
0.16429175
0.1201089
0.12607026
0.11675445
0.27123806
0.15945272
0.16125001
0.11659945
-0.1093396
0.11374427
0.1039012
-0.1096148
-0.10576022
-0.14552778
-0.10454186
-0.15828487
-0.12155933
-0.1490583
-0.18357259
0.1306615
-0.12158409
-0.15447658
-0.18749315
-0.24171892
-0.14656883
0.1080699
-0.11343961
-0.17893484
-0.38985699
-0.2053735
0.11568554
0.17151125
-0.21460414
-0.15288806
-0.13627858
-0.21881926
-0.17001942
-0.12199939
-0.15599772
-0.21830672
-0.26672509
-0.29684874
-0.3541685
-0.32694218
-0.21475019
-0.12387276
0.12566274
-0.15702377
-0.21646968
-0.30632073
-0.36478794
-0.42675436
-0.37021196
-0.29731399
-0.29582417
-0.18133599
0.1276173
-0.20383833
-0.16345452
-0.12881324
-0.17070974
-0.25057194
-0.33908591
-0.44070184
-0.42001525
-0.45585957
-0.43197834
-0.31451327
-0.13904461
-0.31683573
-0.18834089
0.14371873
0.12816975
0.13389617
-0.13342938
-0.26582894
-0.27519557
-0.33574039
-0.44752166
-0.37785816
-0.27684042
-0.16215743
0.17804082
0.14813384
0.1348535
0.16458212
-0.14317973
0.17437573
0.13272364
0.23356169
0.17585719
0.20932347
0.19801255
0.15794148
0.12191314
0.10347737
-0.12408058
0.14526831
0.12068345
0.12789638
0.20276649
0.16361828
0.19185843
0.12344044
0.15880209
0.15420994
0.1143505
-0.13717984
-0.17983682
-0.10858159
0.15595478
-0.20501837
0.11853455
0.16746676
0.13753465
0.10954395
-0.11517611
-0.15079032
-0.13405336
-0.1112611
0.14065772
-0.12276065
-0.13029018
-0.14959602
-0.12996584
-0.13852829
-0.11060257
-0.1375981
0.10889006
-0.13606067
0.11109675
-0.19944139
-0.13406415
-0.12388586
-0.29305622
-0.19298355
-0.18287683
-0.12758645
-0.10720952
-0.11038376
-0.11250309
-0.10662298
-0.13173163
-0.12931915
-0.17441987
-0.18181911
-0.17025387
-0.13407058
-0.13651185
-0.12770869
-0.11646892
-0.12312762
-0.18882482
-0.25130793
-0.17534305
-0.19053431
-0.14121009
-0.10821486
-0.11315729
0.16233976
0.14615048
-0.10726837
-0.13842955
-0.12751038
-0.10775097
0.10629463
0.17532341
0.19572625
0.23761894
0.13215086
-0.16275103
-0.12820511
0.13956584
0.17403133
0.21948622
0.19711846
-0.11175711
0.20867476
0.19043666
0.25717452
0.18578781
0.14091019
0.17349735
0.14709744
0.14085305
0.11243755
0.17007996
0.23063481
0.10937938
0.10454471
0.12734431
0.16348527
0.13646019
0.13918032
0.15822965
0.13545221
0.1111377
0.11281147
0.12862773
0.14303914
0.10688078
0.1258689
0.15470555
0.12667042
-0.13514093
-0.18611544
-0.1139173
-0.12637337
0.1098842
0.19646589
0.1138547
0.16028655
0.14818189
-0.13625596
-0.12164354
0.10578255
0.11705761
-0.10928394
0.13319923
0.158586
0.12446983
0.12686379
0.17188972
-0.24831624
-0.10893678
-0.15961321
0.11248594
0.19466636
-0.10915458
-0.13736871
-0.11259124
0.13883828
0.11491803
0.12907773
-0.11121925
-0.13733891
-0.13795844
-0.11259887
0.11033379
-0.11810337
-0.17555062
-0.11563846
-0.15414818
-0.1204607
0.10422244
0.10443249
-0.19371867
-0.14840466
-0.1998226
-0.11128542
-0.13512775
0.10484384
-0.15642053
-0.14985989
-0.104479
-0.11536147
-0.11865551
-0.12029225
-0.15372495
-0.15825814
-0.1159496
-0.10973178
0.13476963
0.11482906
0.11337992
0.11999761
0.11138748
0.12589496
0.1660348
0.15101381
0.11192646
0.12016933
0.11290848
0.13025314
0.17342274
0.13086203
0.10949403
0.10976963
0.11179222
0.14895846
0.13400275
0.14486106
-0.12003469
0.10418616
0.19119975
0.14071447
0.11527652
0.11936002
0.1703565
0.1648621
0.19390626
0.17350644
0.19214292
0.15739158
0.10505662
0.13058329
0.11979106
0.11107632
0.13182232
0.10465936
0.11353087
0.14183104
0.16441616
0.11031554
0.11328299
0.11180068
-0.1344609
0.13314146
-0.12425568
-0.10403163
0.12235317
0.17725126
0.14867038
0.14530483
0.12757337
0.11142691
0.10826585
0.11140615
0.10798111
0.122844
0.11855961
0.16032426
0.17246829
0.19686726
0.11900342
0.13827708
-0.13217448
0.11197358
0.14600521
0.11838362
0.12454542
0.16202863
-0.1057438
0.1451489
0.15897873
0.10757445
-0.11594208
-0.12818123
-0.11743948
0.18680118
0.1500442
-0.13544761
0.16307357
0.13045274
-0.19151199
0.1056027
0.17417958
0.13968392
0.15099679
0.13182628
0.14189732
0.12890622
0.20906556
0.23208909
0.14188617
-0.13938755
0.188051
0.30081514
0.12616959
0.15147264
0.11908135
0.23805007
0.14631279
0.18466105
0.1187509
0.23130967
0.22595143
-0.21593289
-0.2367691
0.13135877
0.23231561
0.11790211
0.14066324
0.16445893
0.17919633
0.20933706
0.35319605
0.28686351
-0.29851276
-0.37003827
-0.31017619
0.1725729
0.11021021
0.31690457
0.11068592
0.1335167
0.24163052
0.35455281
0.20993723
-0.17474382
-0.35772526
-0.31227648
-0.16408893
0.15969968
0.30070785
0.18258399
0.21561687
0.22602293
0.24902497
0.2029659
-0.28978902
-0.46462539
-0.38433573
-0.23363164
0.11417697
0.1269331
0.27371687
0.1398935
0.19410472
0.17325401
0.18769245
0.19632593
0.17544797
-0.31953564
-0.40732095
-0.37787274
-0.23006943
-0.17183831
0.150316
0.16555509
0.11752857
0.27230138
0.14304693
0.15212309
0.11179742
0.20852694
0.20442797
0.10503367
-0.10763302
-0.2808072
-0.27790511
-0.20146666
-0.18799391
-0.18804887
0.1567457
0.16685952
0.28189322
0.15273781
0.11499324
-0.10386213
-0.20018566
-0.27793935
-0.19238012
-0.11215245
0.20135376
0.15817532
0.15687998
0.25394669
0.2054645
-0.11292888
-0.15400499
-0.12127211
-0.15407783
-0.19328627
-0.26171494
-0.15482736
0.16316825
0.14913645
0.11987055
-0.12647361
0.13763626
-0.10408684
-0.1952228
-0.21719262
-0.26661453
-0.14996137
0.18528061
0.18043639
0.21477328
0.12593369
0.13500577
-0.15340678
-0.18202379
-0.22652386
-0.11589476
0.17687412
0.18800758
0.22573382
0.23392482
0.11471979
0.10905114
0.10793851
0.18839549
0.11001936
0.16493821
0.11277973
-0.21169966
-0.21797095
-0.2106946
0.21376437
0.1385631
0.24447438
0.11414437
0.16120441
-0.13114101
0.13279949
-0.13832496
-0.1424325
0.17193063
0.18694012
0.14183317
-0.10354743
-0.11067669
-0.10437614
0.15512224
0.13069659
0.12202042
0.11718912
-0.23531504
-0.14086477
-0.18283196
-0.15388529
0.13648786
0.10371371
0.1123888
0.14925434
0.13096702
0.12783404
-0.21452667
-0.22869261
-0.12298951
0.10614339
0.13529353
-0.13574722
0.14180633
0.13763985
0.14517197
0.14138412
0.14580618
0.14497219
0.16237625
0.19828671
0.11400112
0.17049246
0.22109883
0.11556539
0.17477314
0.11976394
0.18519939
0.16909274
0.15521023
0.16883762
0.12924889
0.15150787
0.18376501
0.11782941
0.27789721
0.24651071
0.22502072
0.23222527
0.34318194
0.40259448
0.30176643
0.37721348
0.14473429
0.12492151
0.19281638
0.12486666
-0.11353962
-0.24437381
-0.13698502
-0.13195582
-0.13029712
-0.11716029
-0.2629506
-0.16711643
-0.1399582
-0.1332598
-0.10316595
-0.1185143
-0.14514942
-0.16102067
-0.20756066
-0.19349679
0.13524833
0.10760333
-0.15351719
-0.11212085
0.12210395
-0.19185971
-0.20678425
-0.11953802
0.10911863
-0.12354103
-0.15469342
-0.17185175
-0.14436765
-0.14029941
0.11304923
0.11802807
-0.11781714
-0.14667398
-0.11375646
-0.15088943
0.11767367
-0.11541175
-0.15728082
-0.12546529
-0.12414551
0.10649955
0.11931317
0.15398014
0.16625093
0.15046456
-0.15378611
-0.19173956
-0.19102453
-0.20657982
-0.18512595
0.13555245
0.1034613
0.15484023
0.17071813
0.21757203
0.2381987
0.12337768
-0.19313146
-0.22673924
-0.3096033
-0.22319137
-0.11498801
0.1044503
0.10502556
0.16925476
0.20765483
0.21774508
0.20678875
-0.16596858
-0.25278348
-0.28562865
-0.24752256
0.14104453
-0.12438528
0.11531558
0.1204301
0.11834393
-0.22846539
-0.27027604
-0.15299825
0.11322031
0.15479104
-0.10508786
-0.10899819
-0.11797651
-0.264281
-0.17702799
-0.14950587
0.13057871
0.1814654
-0.21235059
-0.1339532
-0.10515431
0.10626859
-0.17782035
-0.18824507
-0.21541367
-0.2191278
-0.12500747
0.10601795
0.13642287
0.17208351
-0.10871945
-0.20333977
-0.18395647
-0.14507087
-0.10694746
-0.2052864
-0.16520026
-0.16180643
-0.13590623
0.18493532
0.20905806
0.19643508
-0.14985882
-0.13315304
-0.20589674
-0.21370651
-0.12464734
-0.14930478
0.18548736
0.13383964
0.21040983
-0.13074408
-0.16073285
0.15812045
0.13221864
0.1067441
-0.15297206
-0.1534898
0.16847253
0.12113665
0.11832851
-0.12251905
-0.19029477
0.14110366
-0.13077629
-0.13328592
-0.10612616
0.13097927
-0.14979509
-0.17553976
0.17409541
0.13018481
-0.19357294
0.12358417
-0.10909098
-0.16086987
-0.10485905
-0.13929969
0.12292085
0.10879737
0.12314364
0.16092488
0.2081807
-0.19048728
-0.22899336
-0.17468473
-0.16065414
-0.11362254
-0.14356111
-0.1191861
-0.12738451
-0.14061756
0.15464251
0.13956624
0.14892869
0.17470759
0.17624965
0.2472643
0.12880324
0.1612007
0.10636345
0.2068086
0.13581471
0.24151805
0.1791344
0.16507065
0.12359069
0.21569228
0.1627387
0.11959853
0.10324973
0.12027612
0.16630433
0.1826137
0.20133549
0.1164783
0.18557052
0.1041743
0.17229667
0.14357761
0.14813639
0.14751008
0.23836091
0.13751705
0.15275081
0.16383803
0.13752143
0.17633691
0.13089433
0.16441959
0.1043881
0.10344974
0.14666034
-0.12270789
0.12316275
0.15662983
0.17030923
0.11075085
0.11223411
0.14393161
0.17163092
0.16422589
0.1484898
-0.11967599
0.15623954
0.13478918
0.11667134
0.10851076
0.145383
0.11670261
0.16931812
0.24360263
0.2448301
0.12856616
0.15813318
0.12772903
0.13946524
0.2389802
0.13955657
0.12778285
0.10489501
0.1433721
0.11037156
-0.13024786
-0.11360746
-0.10491856
0.15101717
0.1674616
-0.12235304
-0.20202841
-0.16109169
-0.1529053
0.15436441
-0.12390973
-0.16671023
-0.24222893
-0.20618488
-0.14474279
-0.17616373
-0.11976976
-0.19535743
-0.24205334
-0.17648807
-0.17209722
-0.19897643
0.10796218
-0.12775342
-0.11102697
-0.11031542
-0.1489725
-0.164794
0.13145146
-0.10745504
0.11361622
-0.18104081
-0.15511306
0.12222138
0.14299698
-0.12984011
-0.15441211
-0.1498131
-0.17001055
0.1348176
0.14773913
0.12760773
-0.13205045
-0.1530737
-0.20729832
-0.15788047
0.13846077
0.10565766
0.11432087
0.10495002
-0.1484808
-0.17674547
-0.136085
-0.11165273
-0.16990487
-0.13573298
-0.15156581
-0.1233273
-0.15200229
-0.25095472
-0.14845505
-0.1551996
-0.17262244
-0.10576197
-0.14014097
-0.13106297
-0.15101583
-0.13990393
-0.20541282
-0.22661972
-0.22286102
-0.18156229
-0.17401101
-0.14400426
-0.12930335
-0.13908146
-0.16125225
-0.10626544
-0.11902909
-0.11674215
-0.17243797
-0.15534887
-0.17160745
-0.11512487
-0.12260698
0.17223062
0.18221121
-0.10760293
0.13712974
0.10715427
-0.10691907
0.14692388
0.10655087
0.1092354
0.14694992
-0.118378
-0.15393831
-0.15284733
0.12205514
0.2338208
0.32118738
0.32738429
0.27039105
0.27093783
0.2541607
0.18129508
0.1122824
0.11021729
0.22483592
0.20243776
0.26543301
0.21745893
0.20467184
0.16650341
0.12207094
0.16431452
0.12720565
0.10989755
0.12382345
0.17473397
0.12649858
0.11880413
0.20217367
0.11173926
0.12910844
0.13615322
0.13435552
0.14088269
0.12057096
0.18410602
0.19780473
0.22206476
0.23527446
0.26063773
0.13123146
0.21236637
0.1427201
0.11380462
0.16073713
0.15668456
0.11169619
0.11464351
0.11591529
0.11991881
0.11916879
0.17545764
0.11717208
0.11616404
0.16057892
0.13115707
-0.11486855
0.119736
0.15375906
0.18245639
-0.15305305
0.13531914
0.11479461
-0.11922829
-0.1072163
-0.11380142
-0.14823116
-0.11722183
-0.12165178
-0.15368177
-0.21317427
-0.15638404
-0.12479736
-0.12704837
-0.10612176
-0.1384434
-0.14784162
-0.11047313
0.13374846
-0.11014023
-0.12231641
-0.20830652
-0.17426011
-0.2201878
-0.13796811
0.2342329
0.12860683
-0.10362151
-0.17708457
-0.11816633
-0.16336088
-0.21910308
0.14528289
-0.11169844
-0.14286399
-0.14225124
0.15596703
-0.17600925
-0.16609135
-0.10659233
-0.14863743
-0.12448322
0.11206403
-0.10485597
-0.18404232
0.16505022
-0.20047174
-0.16885495
-0.13188419
-0.19457099
-0.10717559
-0.16786903
-0.14399615
0.11069654
-0.15132454
-0.12810241
0.10356843
0.12523445
0.12255901
-0.10468731
0.11126876
-0.10531716
-0.18102458
-0.19733661
0.11997145
-0.1821807
-0.13736419
-0.24975215
-0.19235289
-0.10651617
0.10432446
-0.20001128
-0.15007339
0.10543724
0.15194745
-0.15211535
-0.17124471
-0.2733275
-0.11463217
-0.12388191
0.18258807
0.14996913
0.12789431
0.13990133
0.13037084
0.10724414
0.10388026
0.10710981
-0.14944607
-0.20026758
-0.14184229
0.12506062
0.12574482
0.12447235
0.13789491
0.12138347
-0.11767449
-0.17045315
-0.10545003
0.15518247
0.1380288
0.14786793
0.15301511
-0.10525735
-0.11383845
-0.14346285
-0.18159153
-0.21239775
-0.11720309
0.11314118
0.11984818
0.13964579
0.13341297
-0.16041151
-0.21396193
-0.14884357
-0.11526445
-0.13510928
-0.22820447
-0.11594177
-0.17207718
-0.15097594
-0.17025168
-0.15503742
-0.10440097
-0.12840673
-0.11681174
-0.15018797
-0.18764561
-0.14147969
-0.13432594
-0.11619327
-0.17985713
-0.17402264
-0.10401586
-0.13909002
-0.16542579
-0.17091297
-0.10808752
-0.11494973
0.17392501
-0.10376436
-0.13758488
-0.14093955
-0.1852551
-0.35820714
-0.33512977
-0.17035536
-0.11914378
-0.18868563
-0.1392339
-0.1383899
-0.12944332
-0.10538018
-0.14182349
-0.10960283
-0.13020194
-0.16936457
-0.1056142
-0.10948334
-0.16933183
-0.11930459
-0.11635816
-0.13214295
-0.20698126
-0.22506349
-0.12195525
-0.13711149
-0.10423979
-0.10611692
-0.13611118
0.12178148
0.13861148
0.11035321
0.11030401
0.10448427
-0.12279184
0.12302708
0.11211289
0.14480177
0.11309495
0.17057174
0.11205888
0.14615624
0.12432893
0.16158639
0.18134159
0.1262697
0.10600818
0.15223494
0.13645349
-0.12886456
0.11702611
0.1473254
0.13430737
0.17010257
0.16205047
0.15557906
0.11356614
0.12396289
0.12111228
0.10820478
0.11463379
0.11599089
0.12849033
0.12529817
0.133325
0.19528252
0.17149663
0.18092573
0.10738911
0.13828897
0.14209096
0.15872616
-0.12434042
-0.1378556
-0.17370196
-0.19057347
0.12621593
-0.11697987
0.13558091
0.1106023
-0.10378624
-0.15649983
-0.22993296
-0.33285785
-0.10788081
-0.16281365
-0.15124407
-0.15610322
0.11449692
0.16042791
-0.11724059
-0.13593866
-0.17860152
-0.17535233
-0.18915817
-0.34619582
-0.24783605
-0.13737392
-0.11098498
0.12212656
-0.11397028
-0.25681934
-0.32249469
-0.26130101
-0.20483375
-0.18165399
-0.12362902
-0.10740298
0.12982982
0.19414626
-0.1239104
-0.13472897
-0.20654939
-0.25127742
-0.18727684
-0.18262887
-0.13410059
0.1264843
0.18658729
0.18928792
0.19714843
0.23150793
0.11992827
0.10426277
-0.1617054
-0.16717044
-0.18992932
-0.13165459
0.1396234
0.14258681
0.13824014
0.11072164
0.19181079
0.12253176
-0.12637459
0.10583648
0.11534441
0.17585413
0.11490005
0.11284942
0.17229533
0.15333572
0.15611742
0.13607742
0.11553226
0.11764289
0.14431578
0.12267683
0.1245452
0.16522563
0.11193089
0.18339893
0.15621872
0.11873817
0.10352553
0.16910999
0.15383057
0.12379002
0.1298341
0.19207142
0.19751906
0.1270076
0.1138364
0.12925535
0.16438414
0.18783787
0.14787644
0.18287371
0.15201175
0.11543312
-0.14109141
-0.1248401
0.13568226
-0.14458559
-0.10453054
0.13810442
0.18287712
0.15753426
0.13243808
0.15206699
0.12819372
0.16767006
0.15095744
0.13461345
0.13399003
0.15692613
0.11258324
0.12189868
0.16483822
0.17509806
0.13426207
0.20798627
0.2143472
0.14007387
0.23703331
0.11503463
0.11688956
0.13352962
0.1833334
0.14635491
0.1203426
-0.1104347
0.14121255
0.15079191
0.16189408
0.11379606
0.1688434
0.1173669
0.18828578
0.16398394
-0.10637944
-0.11731703
-0.10482932
0.10851569
0.14664893
0.12046915
-0.1394189
-0.14210017
-0.19694725
-0.11699555
-0.23893733
-0.18965341
-0.17419755
-0.12653127
0.11159617
-0.11242029
-0.14290722
-0.15628201
-0.13731527
-0.19515821
-0.16187569
-0.10946646
-0.18805781
-0.14030276
-0.11365008
-0.12584269
-0.20506516
-0.15393697
-0.19037861
-0.21298602
-0.11745613
-0.164068
-0.10906713
-0.17395346
-0.21578032
-0.17773558
-0.22322096
-0.22921607
-0.1908778
-0.15003285
-0.13556744
-0.20051304
-0.16451456
-0.2273083
-0.21153939
-0.19420965
-0.22909911
-0.13905358
-0.13055699
-0.15962002
-0.11531141
-0.1138218
-0.21424623
-0.2485604
-0.2996158
-0.29777199
-0.1976357
0.11836294
-0.10858014
-0.27971447
-0.32441068
-0.3665469
-0.2862151
-0.14626846
0.1466139
-0.12630686
-0.13232306
-0.1209354
-0.13170911
-0.22287217
-0.32165372
-0.40924752
-0.34137633
-0.13589406
-0.14634623
-0.10460122
0.11411896
0.17724724
0.17209686
0.14183104
-0.1104771
-0.24816093
-0.15668261
-0.11033705
0.18308491
0.14723553
0.10420545
0.10740414
-0.1854746
-0.13518101
0.15453626
0.11628298
0.1048902
0.16043968
0.17415553
0.10648937
0.16195278
-0.147328
0.11318965
0.1678828
-0.15606889
-0.1310458
0.12405787
0.11455961
0.10361656
0.10576557
0.13298744
0.17853491
-0.16830166
-0.1827583
-0.11457374
0.13550684
0.21906134
0.12933965
-0.15307859
-0.11637359
0.20042548
-0.18220364
-0.19582359
-0.19581866
-0.13507718
0.1634374
0.19265747
0.12128277
-0.12600818
0.19448026
0.13871667
-0.10762462
-0.24048831
-0.25610077
-0.30313417
-0.16712147
0.1140175
0.13196057
0.20447999
0.12309059
0.11919379
-0.14156653
-0.15774697
-0.21037827
-0.28081149
-0.22818193
0.16427378
0.18728255
0.17722383
0.11612103
-0.1541792
-0.20239773
-0.2251665
-0.34602016
-0.26976168
-0.17239727
0.1081332
0.12281424
0.10782746
0.11454282
0.10503009
-0.15559115
-0.14243411
-0.2597535
-0.32047689
-0.27274674
-0.24517047
0.11475319
0.15433292
0.10373636
-0.12463729
-0.1374052
-0.19262499
-0.18628773
-0.20197175
-0.16994488
-0.2026121
-0.14368945
-0.12912214
-0.18055716
-0.2337268
-0.16976942
-0.10760155
-0.13771765
-0.10985313
-0.12927476
-0.14510645
-0.10528222
-0.15244111
-0.26103827
-0.20344695
-0.24733225
-0.2021412
-0.12286782
-0.15129361
-0.21578598
-0.16486637
-0.13515484
-0.1138906
-0.20668915
-0.22831604
-0.1907862
-0.24686989
-0.34546167
-0.34496665
-0.3171908
-0.22415081
-0.12772305
-0.13067934
-0.11224063
-0.1294148
-0.12690037
-0.11934313
-0.21546544
-0.26501837
-0.26672542
-0.13532905
-0.12971197
-0.13915522
-0.12722407
-0.11081763
-0.18160281
-0.14625067
0.12005722
0.15883885
0.13782284
0.14372277
-0.14013354
-0.14743124
0.14468645
0.13640843
0.11087377
0.13738334
0.10718606
0.11309061
-0.11817805
-0.12459771
0.14826739
0.1644081
-0.12811632
-0.10556401
-0.10737947
0.14049545
0.13653304
0.12561566
0.11814806
0.13771012
0.19943002
0.25685269
0.18901961
0.10712312
0.11142203
0.12198998
0.13916545
0.19330356
0.11712714
0.14631607
-0.11420216
0.12830804
0.13719872
0.13062844
-0.16335337
-0.12981084
-0.14929117
0.14457127
-0.13560112
-0.13246284
-0.12083897
-0.11678597
0.11177279
0.16220818
-0.15220767
-0.25092304
-0.15299442
-0.14060238
0.14220531
-0.13587968
-0.11889793
0.13058375
-0.11374823
-0.19069268
-0.21301286
-0.22824945
-0.15452117
-0.17058408
-0.19058013
-0.11488068
-0.12024681
-0.15307125
-0.11284787
0.18500197
0.10593405
0.10953172
-0.16700813
-0.22448587
-0.16311438
0.14344889
0.15090363
-0.16391499
-0.18531565
-0.10605728
-0.11090269
0.14088129
0.10742563
0.17365848
-0.13948333
-0.20910367
-0.1984342
-0.10399459
0.13737273
-0.14415804
-0.10683586
-0.14398085
-0.14208987
-0.1234937
0.13852561
0.11153564
0.12646005
-0.1857574
-0.27191237
-0.22153302
-0.14101091
-0.15305777
-0.15088779
-0.11179285
0.13775915
0.15441804
-0.14982256
-0.23802415
-0.14007068
-0.12312565
-0.23439692
0.10964955
-0.10388245
-0.27938104
0.11557372
-0.12175683
-0.10979639
0.113076
0.15817086
0.11966218
-0.19508004
-0.14482431
0.11640303
-0.10346868
-0.1355119
-0.11140028
-0.12176578
-0.15031734
-0.12082103
-0.1068284
-0.11417235
0.11621504
0.15775885
0.13939112
-0.10432678
-0.16817126
0.17919131
0.13594949
0.19447739
0.14170599
0.10313448
0.14384677
0.13294607
0.21928743
0.17465779
0.14481643
0.13013363
0.11225481
-0.11112843
0.13540851
0.18808016
0.18017827
0.30063874
0.1070584
0.10942177
0.11909407
0.17812802
0.13490456
-0.10546185
-0.11545673
-0.11695552
-0.10473192
-0.1053582
-0.11362015
-0.1078058
-0.10788149
0.13825814
0.12615442
0.11590801
0.11138634
0.14821386
0.21642396
0.16382983
0.11070228
0.13753742
0.10658198
0.16286944
0.17499763
0.17779672
0.16193128
0.18693626
0.154479
0.17624019
0.3349475
0.1818698
0.19898449
0.18802418
0.19251391
0.13878477
0.15204713
0.17951895
0.28049117
0.29848406
0.24403144
0.12641072
0.13522117
0.11719787
0.15629925
0.13640778
0.16483635
0.10410852
0.2139461
0.15183893
0.18763976
0.1456629
0.17099056
0.11800951
0.22039956
0.15373078
0.10529206
0.17333883
0.15145177
0.15828015
-0.13184181
0.21519998
0.10926484
-0.11266483
-0.1407959
-0.14426772
-0.17120147
-0.16015185
0.13316868
-0.15700099
-0.21606101
-0.12428267
-0.16836736
-0.1064349
0.12458883
-0.10927274
-0.11907206
-0.10570601
-0.25756377
-0.12790823
-0.14280193
-0.14711343
0.13397703
-0.13509448
0.16047582
-0.11314671
-0.10402937
-0.11888115
0.12851517
-0.19627352
-0.17399205
-0.17794114
-0.14125341
0.11668322
-0.13119638
-0.13199934
-0.20665786
-0.26688069
-0.11934362
-0.11291359
-0.14341874
-0.11127805
-0.11188397
-0.10869268
-0.15498482
-0.11865099
-0.1270549
-0.10924691
-0.15596879
-0.10660525
0.15682004
0.12124686
0.17427734
0.14672363
0.1860138
0.15482591
0.12415141
0.15677197
0.17673677
0.26357427
0.24890043
0.18231738
0.14177331
0.15085188
0.14459147
0.32834309
0.31089842
0.22663049
0.24451409
0.16308096
0.10975343
0.16590998
0.11748527
0.12083881
0.11725868
0.14017932
0.18729682
0.10748035
-0.12338965
-0.10955057
-0.11291396
-0.13144076
0.11824873
-0.13732371
-0.19963123
-0.18704428
-0.12606262
-0.12385833
0.1127305
-0.12569597
0.13725461
0.10427491
-0.12058163
-0.22406358
-0.1774663
-0.12989046
-0.12193513
0.13193008
0.10694168
0.14298424
0.13207664
-0.13305788
-0.11927104
-0.19476393
-0.18106584
-0.17677957
-0.10757259
0.12562674
0.16534725
0.1087484
0.12398917
0.19239937
-0.11032595
-0.11366268
-0.14201783
-0.13298808
-0.13794123
-0.10653819
0.16124842
0.27852097
0.13050547
-0.12202969
-0.15584676
-0.11472482
-0.12381272
-0.13851647
0.21790017
0.16403122
-0.21484341
-0.16874401
-0.1080649
-0.22256571
-0.12787244
0.11025623
0.2600961
-0.14327466
-0.24333414
-0.16374841
-0.20075737
-0.16738735
0.11065166
0.29902092
0.13615333
-0.173305
-0.19479254
-0.28165883
-0.10593621
0.14966705
-0.13580206
-0.12839054
-0.1307867
0.11865259
-0.11575704
-0.18475072
-0.21484512
0.16558345
0.1133539
0.10760847
0.15171802
0.13685933
0.14713103
0.11334395
-0.1127248
-0.20878203
-0.21413043
-0.1710861
-0.23931535
-0.22623135
-0.16405058
-0.13655683
-0.15027213
0.12741779
0.17510588
0.10705869
-0.1789138
-0.21038862
-0.20777681
-0.20880547
-0.21492514
-0.13955706
0.16889212
0.20331696
-0.16119215
-0.13996288
-0.15515751
-0.10580498
0.17352587
0.22221838
0.22820595
0.11743969
0.11936183
-0.13699201
-0.13114145
-0.10738691
-0.10973958
-0.10475627
-0.20689969
-0.21583357
-0.25799254
0.16537754
-0.12288827
-0.10964008
-0.10378866
-0.13467172
-0.12216785
-0.14642462
-0.11469653
-0.13993409
-0.18227063
-0.28991315
-0.26479205
-0.22051413
-0.13769494
-0.10629115
-0.14989042
-0.11823964
-0.14890151
-0.11099163
-0.15959619
-0.15989532
-0.14870742
-0.24204783
-0.26448733
-0.19471176
-0.15816043
-0.13464889
0.13800193
-0.10589375
-0.10975398
0.13788451
-0.10920487
-0.12928435
-0.12243347
-0.13731512
-0.14741683
0.10707789
-0.11308804
0.12898989
-0.11888108
-0.1675522
-0.1305825
0.10581672
-0.13630129
-0.22309904
0.11451788
0.16177028
0.12639286
0.13001116
0.11439563
0.10435649
0.19029287
0.25691041
0.22161099
0.11659732
0.12832063
0.1074962
0.11562569
0.10436275
0.14535625
-0.1094379
-0.10741793
0.13625938
0.11362997
-0.12397703
-0.1223655
0.10896032
0.12929355
0.12256846
0.2146415
0.15964842
0.10472855
0.10673677
0.1202357
0.14388195
0.18885559
0.1194182
-0.12656593
0.15603271
0.1504366
0.19559994
0.21836194
0.18852565
0.10318355
0.10979897
0.11767469
-0.11390515
0.12507886
0.10514692
0.1174397
0.12578455
0.10845554
0.10384273
0.13011812
0.16147789
0.1391122
0.19020279
0.10885644
0.18020239
0.16522308
0.20574969
-0.13542826
0.12848713
0.22817239
0.21807021
-0.10424595
-0.11956953
0.19508162
-0.11075466
-0.16297059
-0.12253105
0.1214496
-0.10333783
-0.13542037
-0.1201341
-0.12416837
0.11592891
0.14012975
-0.16966271
-0.12180201
0.10688135
0.10983342
0.10692021
-0.1158691
-0.12386776
-0.13178165
0.14808621
0.10510559
0.14277008
0.12314529
-0.21116419
-0.11082834
0.11787508
0.10495238
0.16475604
0.13049518
-0.12399533
0.10854262
0.14206038
-0.11511783
0.15979216
0.12608509
-0.17152408
0.13370727
0.10969601
0.11185753
-0.10715232
0.11730358
-0.15758356
0.13315424
-0.14311126
-0.17330518
-0.12660064
-0.12419836
-0.23717646
0.11155035
0.11056757
0.16598572
0.13692562
0.1180134
0.15907237
0.11690032
0.11343537
0.12729758
0.15657413
0.17622411
0.17402083
0.1767021
-0.13540857
-0.1124467
-0.14499058
0.127652
-0.11342091
-0.12026134
-0.13931459
-0.11871548
-0.11763006
-0.19678755
-0.19074143
-0.17420442
-0.20552233
-0.14856938
-0.1541481
-0.21207534
-0.18699284
-0.15113875
-0.15807804
-0.15064734
-0.11653436
-0.14126179
-0.13068922
-0.11773898
0.12825803
0.12185494
0.1146217
0.13405485
0.15527356
0.11710222
0.12897919
0.10553671
0.11472724
0.18595137
0.24451417
0.3303284
0.28752768
0.29385316
0.17879708
0.1638647
0.11367968
0.12699962
0.19967999
0.2058325
0.18738346
0.12095905
0.12409902
-0.10954869
0.16261728
0.22147056
0.12906075
-0.10852959
-0.16415359
-0.12234213
-0.12008385
-0.12498537
-0.11124997
-0.17393498
-0.17104776
-0.11846032
0.17435074
0.16016854
-0.1465162
-0.19906165
-0.1405147
-0.220662
-0.20088691
-0.27818662
-0.14222084
0.11517169
0.21923055
0.13783272
0.14540099
-0.12966256
-0.23361684
-0.21101126
-0.16436185
-0.11048665
-0.25197425
-0.33367854
-0.14525124
0.1852522
0.17529282
0.15128094
0.12641676
0.10829055
0.21479426
-0.13173532
-0.14229877
-0.12676741
-0.26394358
-0.33178723
-0.16283481
-0.21947861
0.17129678
0.24060787
0.15897331
0.15102406
0.13749053
0.10542026
-0.12417464
-0.2035857
-0.19422024
-0.16966096
-0.15319611
-0.12743361
-0.1032366
-0.18915763
-0.14793901
-0.21178865
-0.150096
0.14692356
0.12474065
0.33264002
0.27828005
0.11405033
0.12011269
0.12540586
0.10889433
-0.12904386
-0.13408002
-0.13973638
-0.16078454
0.11369072
0.20238863
0.2512176
0.13535868
0.1565838
0.14107116
0.11202636
0.11392315
0.10983594
0.12204558
0.14077632
0.18601191
0.11203386
0.12576425
0.12207016
-0.10958792
-0.18844022
0.14434306
-0.10591914
-0.17773059
-0.12364166
-0.17685425
-0.20842136
0.1055137
0.1250914
0.13044943
0.12348589
0.12188514
0.14993872
0.20356473
-0.13270436
-0.2385879
-0.20447156
-0.12069697
-0.17214058
0.11479028
0.13695656
0.14850755
0.27228013
0.19526844
0.13093783
0.1113022
-0.23426814
-0.22225225
-0.23165961
-0.22570327
-0.11902246
0.1148441
0.17714195
0.26995769
0.16800417
-0.2807681
-0.18587385
-0.12095867
-0.28253582
-0.2262367
-0.12419706
0.1235346
0.10529687
0.14562406
0.14309379
-0.20035703
-0.1168067
-0.11604542
-0.1161218
0.11834969
0.13518541
0.16704318
-0.11821769
-0.11530595
-0.13550864
-0.12225109
0.13667856
0.10660888
0.27785295
0.12045886
-0.12915649
0.10842798
0.15704535
0.14080451
-0.12661427
0.15474822
0.14660275
0.11864248
-0.12641177
-0.1140405
0.10488566
-0.14296232
0.13516112
-0.11617243
-0.18335629
-0.16408789
-0.1762272
-0.16024037
-0.10768913
0.12361942
-0.12950863
-0.11832331
-0.16592635
0.11298981
-0.17154907
-0.22270617
-0.1646895
-0.20235877
-0.14484952
-0.11961257
-0.14607167
-0.12581158
-0.10861807
-0.10881803
-0.16458687
-0.15582886
-0.15568942
-0.21392669
-0.23869766
-0.28895876
-0.2168159
-0.10609146
-0.19813643
-0.17462271
-0.10522964
-0.13945718
-0.14367121
-0.10682311
-0.14689016
-0.17774168
-0.22159657
-0.13510638
-0.10775766
-0.11355899
-0.12320021
-0.13161038
-0.17219244
-0.14762197
0.10451705
0.16283044
0.13545343
0.10669465
-0.11423505
0.16842696
0.1596311
0.12851827
0.14515279
0.13689077
0.17089295
0.19477057
0.10525698
0.26291534
0.13118199
0.10326288
0.18313542
0.17187542
0.12815715
0.14104751
0.15287007
0.16015993
0.18568708
0.2317678
0.18923998
0.23902987
0.15795164
0.10554425
0.13001946
0.14314431
0.16394715
0.11559074
0.12090459
0.17637274
0.18829255
0.18054254
0.16165537
0.15322624
0.18172207
0.15029413
0.16018233
0.13808961
0.12385615
0.1214325
0.12900274
0.24040382
0.13314255
0.12201943
0.10649812
0.16425587
0.18040112
0.24910557
0.11971126
0.11231393
0.11541555
0.11818928
0.15460297
0.12289448
-0.12481275
0.14499164
0.12384647
0.15341088
0.16843824
0.110296
0.14774744
0.11979854
-0.140356
-0.14844264
0.11526519
-0.12209707
-0.11642166
-0.20739509
-0.16882452
0.11878794
0.12258037
0.10970715
0.19972689
-0.14971028
0.18676342
-0.25720507
-0.12688325
0.13770325
0.18770126
0.16784185
0.1600094
0.10988036
-0.14749935
0.17720193
0.13845533
0.15081342
-0.10537004
0.1261756
-0.15321432
0.12569782
0.13848446
0.12691343
0.11139236
0.19026296
0.19238891
-0.13989009
-0.18656003
0.1433944
0.1435395
-0.10316838
0.11871705
0.10422274
-0.25342014
0.15099065
0.14338642
0.14298518
0.12106875
0.14101398
-0.14661197
-0.1224055
0.14672683
0.15909384
0.11169747
0.13342796
-0.11601068
-0.13513312
-0.20026675
0.12163729
0.14896215
-0.18339437
-0.19612259
-0.18057016
-0.14922215
-0.1282157
-0.1514293
-0.14511891
-0.14104941
-0.14225535
-0.11432637
-0.12904446
-0.104044
-0.14744684
-0.18473233
-0.11318461
-0.12206874
-0.10663676
-0.10813296
-0.1342573
-0.10499246
-0.11128172
0.13755654
0.13107197
0.14726789
0.21186614
0.31579065
0.38436571
0.40555251
0.38670608
0.21340634
0.1305448
0.11896934
0.10905725
0.20525812
0.18922496
0.30851981
0.29608116
0.17850575
0.20712253
0.19378281
-0.11430449
-0.11319642
-0.1363617
0.10313115
0.11069132
0.15783499
0.1863298
0.1636966
0.16104777
0.1105988
-0.14720683
0.12595387
0.17369486
0.10824973
0.24213943
0.17677864
0.14403747
0.18862511
0.23417638
0.18315651
-0.16282265
0.12902087
0.16395596
0.15146683
0.15192331
0.14234428
0.22641464
0.20438401
0.16132742
0.17931354
-0.25108179
-0.19314563
0.12418468
0.15032628
0.18667376
0.138073
0.17594488
0.18259726
0.18610416
0.13189133
0.12025066
0.19140698
0.33577707
0.25121829
-0.33789268
-0.2841543
0.1089804
0.10650791
0.18120311
0.1951499
0.21717916
0.15642449
0.1510614
0.18571827
0.1636073
-0.14293668
-0.11380171
0.16737393
0.26739234
-0.16418952
-0.22308253
-0.27307609
-0.12905979
-0.11793637
-0.10929596
-0.12866111
-0.10317826
-0.11926799
-0.22071789
-0.1599175
-0.20085916
0.15231958
-0.19975966
-0.20613123
-0.1031867
-0.12592192
0.11860866
-0.23431811
-0.36927396
-0.47781101
-0.59523112
-0.62264508
-0.67023277
-0.59951317
-0.47091857
-0.35770598
-0.33753192
-0.21669611
-0.16380951
0.10781398
-0.12603034
-0.17343198
-0.23668644
-0.31059483
-0.35311407
-0.43033755
-0.47997084
-0.59996647
-0.72803074
-0.70457393
-0.64443988
-0.56265879
-0.339982
-0.20204702
0.12035676
-0.11453282
-0.10709692
-0.23775619
-0.38291749
-0.53825766
-0.54568672
-0.41394585
-0.23182088
0.14381184
-0.25363597
-0.27862415
-0.31553948
-0.19851972
0.10389239
-0.13491252
0.11046594
0.13020472
0.18218489
-0.13753581
-0.1290627
-0.11644407
-0.15077503
0.18675354
-0.10371898
-0.16149279
-0.11101014
0.10648154
0.10573951
-0.11617298
0.10720565
0.10962634
0.15229648
-0.10687079
-0.13654038
-0.15826555
0.2235475
-0.11191533
-0.20588113
-0.17333998
0.11284067
0.11261921
0.12395123
0.15764062
-0.19636621
-0.11443194
0.19344351
-0.11765007
0.17571732
0.13849705
-0.17897244
0.17338005
0.12205213
0.10832215
0.20803905
0.16019227
-0.16744797
-0.17577964
0.15910311
0.10412142
0.10561951
0.10699377
0.16335906
-0.15646204
0.11233911
-0.11839897
0.13847734
0.11148401
0.12410823
0.10433775
0.11434668
0.12806524
0.20857914
0.18909031
0.11191552
0.18836245
0.24310628
0.26239961
0.23360504
0.1962972
0.12177445
0.11188652
0.14627847
0.14959502
0.10321594
-0.10573413
0.10482796
0.14311492
0.11162856
-0.10940818
-0.17497228
-0.15833297
-0.11824147
-0.11182535
-0.11923198
-0.11359879
-0.11316304
-0.22613084
-0.16961932
-0.12545229
-0.12141077
-0.30723763
-0.32278195
-0.30210674
-0.15062745
0.12470576
0.13583328
0.15561754
0.17478302
0.12552829
0.16312857
-0.13806404
-0.17735244
-0.20820241
-0.17264245
-0.11047108
-0.19043939
-0.13281836
-0.15288061
0.14167704
0.19419402
0.15199669
0.11555445
-0.15784855
-0.21944603
-0.26956576
-0.19258238
-0.23959319
-0.12556453
0.14112325
0.13118273
-0.2021984
-0.29511175
-0.30988634
-0.40382037
-0.26176229
-0.15500422
-0.10982776
0.14462422
0.20843537
0.1134882
0.13428436
-0.21271017
-0.34281734
-0.41659731
-0.29786739
-0.16386029
-0.10848038
-0.14010906
0.14684127
0.24869132
0.20111617
0.17666191
-0.13282187
-0.2460994
-0.38431358
-0.34726131
-0.32189101
-0.20149398
-0.1653273
-0.12059582
0.143694
-0.10515552
-0.11861832
-0.11486623
0.25566107
0.36588085
0.27282202
-0.18836534
-0.25362438
-0.30833933
-0.28326279
-0.32726866
-0.2596913
-0.22535688
-0.1261276
-0.11096647
-0.1462702
0.12798302
0.28540155
0.32675591
0.25834706
0.11067054
-0.13243988
-0.2602517
-0.35336503
-0.25352457
-0.20475207
-0.22410376
-0.23531358
-0.11013887
0.10639871
0.12471582
0.10884026
0.20447133
0.20137045
0.17423894
-0.25927386
-0.28597823
-0.29016274
-0.2065931
-0.18439259
-0.20691594
-0.12346161
-0.14183365
0.1120999
0.14076999
-0.10515835
-0.11902605
0.10533626
0.10982504
0.13507952
0.11912194
-0.18621485
-0.27260903
-0.25281665
-0.21093127
-0.13819286
0.14938566
0.12703447
0.19701014
-0.1483389
-0.14170586
0.10665872
-0.21752334
-0.21904211
-0.12876123
0.16577034
0.28804186
0.10734719
-0.16006851
-0.20925368
-0.13796417
-0.1065116
0.1488184
0.20853209
0.17596705
0.13895217
-0.13274701
-0.12499449
-0.10949977
0.13722019
-0.14060923
-0.14494067
0.12000526
0.15469083
0.13719003
0.19791362
0.11791144
-0.12670636
-0.10570683
-0.12106609
0.14584801
0.17995425
0.13200532
-0.10570789
-0.11050958
-0.15058579
-0.13802499
0.14141634
0.15520091
0.13862902
0.12559293
-0.1234797
-0.16495396
0.12340268
0.15057698
-0.14365494
0.15681688
0.1184663
-0.12001334
-0.16031021
0.13697883
-0.1245202
-0.12749475
-0.11370103
-0.13408157
0.11725692
0.21184459
0.12530223
0.11030575
0.1676715
0.21091931
0.1215979
0.20465411
0.14914939
0.16753796
0.21427286
0.18955588
0.13065375
0.10621784
0.15437056
0.10991489
0.21920687
0.16949666
0.17600898
0.11467461
0.11118235
0.16414769
0.11214589
0.11201879
0.15899253
0.12200855
0.12132378
0.19221824
0.20372598
0.13876706
0.10763673
0.10595
0.12806877
0.17117305
0.17048764
0.14736317
0.10707399
0.18076749
0.12313471
0.21776319
0.182082
0.12026533
0.14774764
0.13698356
0.14550617
0.1295076
-0.11594345
0.11683903
0.1375702
0.15078813
0.14523031
0.12914594
0.12362192
0.13460554
0.14399521
0.10934667
0.13075869
0.13882798
0.21885568
0.11115997
0.12929843
0.11562055
0.14054342
0.19569568
0.12592717
-0.10734481
0.13735357
0.12054349
0.11184173
0.13051936
-0.1329439
0.14621058
0.1885449
-0.1151348
0.14425807
-0.10811552
-0.10594457
-0.1306036
-0.10454779
-0.10478701
-0.13512275
-0.13858339
-0.12369791
0.11794349
-0.12417229
-0.11150805
0.11074653
-0.11741444
0.142462
0.11286893
-0.10934425
0.10794318
-0.10715357
-0.16389476
-0.10572685
-0.16355938
-0.11986217
-0.13330881
-0.11331028
0.13606361
0.12003787
0.10832889
-0.14638412
0.14046736
-0.18234129
0.11432713
0.16014262
0.14969119
0.15357065
0.10434048
0.12163617
0.11260783
-0.12399255
0.18622705
0.11441533
0.11905006
0.13169929
0.11787393
0.13560696
0.10567392
0.11796813
0.16232674
0.21139374
0.10810887
0.13578689
0.17860872
0.11008677
0.15042493
0.17975028
0.14020795
0.11351619
-0.14141884
0.15516756
-0.12407571
0.14336336
0.17070793
0.12922429
0.12664422
0.1546531
-0.11483674
-0.13410239
-0.10689706
0.10502727
0.11042055
0.11292603
-0.10510012
-0.18985313
-0.13368532
-0.14686562
-0.12267955
-0.13934201
-0.12900358
0.1374521
0.14159466
0.15584718
0.17792408
0.11843376
0.11561605
0.11865209
0.11361017
0.1234292
0.10472878
0.15882178
0.1360084
0.14406852
0.14923294
0.10324156
0.13140443
-0.12287431
0.13633724
0.11618703
0.14625959
0.16174251
0.17649931
0.13628934
0.12798929
-0.10760322
-0.15652768
-0.13264555
-0.12395269
-0.1171028
-0.12266254
-0.18416244
-0.20498011
-0.1257015
-0.11563073
-0.11419203
-0.16519693
-0.18881409
-0.23659642
-0.1273479
-0.15524845
-0.10607772
-0.13294894
-0.13870415
-0.14563975
-0.19670315
-0.20878027
-0.23273805
-0.22137047
0.11321153
-0.11933165
0.11182652
-0.11689244
-0.21538454
-0.18030195
-0.27301407
-0.12963514
0.10457318
-0.14457649
-0.11250867
-0.12075087
-0.13912429
-0.17384407
0.11218946
-0.14361542
-0.18528388
-0.16732958
-0.11663411
-0.10508153
-0.11560789
-0.122989
-0.19855037
-0.16579325
-0.11565237
-0.16223311
-0.12457166
-0.16589333
0.138348
-0.14001136
-0.1185315
0.10841229
-0.12722075
-0.15996026
0.15709558
0.1285377
0.10521725
0.10326043
-0.12881798
-0.20536926
-0.22348855
0.12035909
0.12946913
-0.15427729
-0.17522512
0.11189787
-0.1802336
0.1139149
0.21583372
0.16404855
0.11904468
-0.15638058
-0.13740404
-0.14989661
-0.13113956
0.13218412
0.21174857
0.16741681
0.12341256
-0.10414785
-0.19102435
-0.13152212
-0.12403769
0.12543944
0.11186811
-0.15505555
-0.17656076
-0.13148896
-0.10834768
-0.16733903
-0.15160242
-0.11557332
-0.11494504
-0.18778433
-0.14336379
-0.18807167
-0.14493152
-0.12956186
-0.14411451
-0.13304962
-0.15024213
-0.11053005
-0.14544751
-0.11508046
0.11533169
-0.11299433
-0.10322952
0.14271919
0.15696667
0.17093436
0.16056207
0.16785447
0.15312934
0.11186776
-0.14064153
-0.13030179
0.11297143
0.20301788
0.18199064
0.1271555
0.12743852
0.15917689
0.18893576
0.11179348
0.14790507
0.13211672
0.16686799
0.15962051
0.17600337
0.11073074
0.19845115
0.17286247
0.25422195
0.29259247
0.24752255
0.22906326
0.13631557
0.10863775
0.15908809
0.10892369
0.15235095
0.19198668
0.11187881
0.11234362
0.10919086
0.10475054
0.16526748
0.11292069
0.11728167
0.16147499
0.12452777
0.10948138
0.105198
0.14657463
0.16999029
0.10544566
-0.10430089
0.12111895
0.12110799
0.13363019
0.14675263
0.10945486
0.14563037
0.14162333
-0.10574456
0.12306347
0.11171363
-0.13102648
-0.10474759
0.12025663
-0.10866218
-0.13319361
0.10436756
0.10567927
0.10773325
0.12955566
0.12011141
-0.12373193
0.16023831
0.11831763
0.13557212
0.12158361
0.10578559
0.11762944
0.15136856
0.18558447
0.13927889
0.12342189
0.11626936
0.13184285
0.13088793
0.12102991
0.12458552
-0.13167082
-0.10756697
-0.19613701
-0.11603051
-0.1348123
-0.11444383
-0.11948222
-0.12024321
-0.16906664
-0.1904234
-0.20919746
-0.16731781
-0.10879627
-0.13336682
-0.11591481
-0.19520433
-0.2062553
0.16052784
-0.16403
-0.32495654
-0.28061923
-0.29327124
-0.17281142
-0.18974984
-0.20340294
-0.24538867
-0.13740963
0.10699639
-0.10489267
-0.19154568
-0.22000983
-0.30904645
0.10499179
0.12140361
-0.1714855
-0.39228511
-0.27632165
-0.23411888
-0.23184538
-0.21158665
-0.24125564
-0.13740319
0.15440115
0.16892865
-0.18355092
-0.12899767
-0.19383736
-0.16648054
-0.24670126
-0.16514906
0.11046213
-0.20913915
-0.21559891
-0.19746287
-0.25298405
-0.19107889
-0.1784859
-0.13121508
0.17226574
0.12835765
0.14301488
0.10336658
-0.11926267
-0.14260085
-0.14489216
0.12711032
0.11324622
0.12511723
0.11830302
0.13200705
0.17531441
0.17009357
0.14750569
0.12512769
0.11385639
0.15288125
0.11324775
0.14835198
0.15591222
0.12534688
0.10357181
0.1169143
0.1557129
0.2117265
0.1611339
0.15371682
0.11041396
0.18040058
0.13038974
0.1627996
0.16994329
0.12283673
0.11262843
0.20999959
0.18666397
0.13708608
0.11043443
0.14796993
0.16516586
0.11394007
0.12436499
0.10737833
0.18210182
0.13545695
0.11710402
-0.14661902
-0.14999464
0.13526237
0.14737707
0.13371786
-0.16450605
-0.16237892
0.11729616
0.10414472
-0.20556849
-0.11212259
-0.10385656
-0.26437694
-0.24731582
-0.21073419
0.1080868
0.15083212
-0.2405069
-0.13930506
-0.10578406
-0.10954896
-0.1855053
